scheme,fold,model,n_test,mae,mean_deviance,spearman,mean_actual,mean_pred,coverage_80,coverage_95
airfoil_10fold,0,constant,745,0.07463615149993715,1.061495930653015,,0.09752380813224151,0.11652624467266721,0.8805369127516779,0.974496644295302
airfoil_10fold,0,confidence_only,745,0.06897228039910283,0.9993884313285074,0.10005174454273554,0.09752380813224151,0.10880823265456999,0.8442953020134228,0.9651006711409396
airfoil_10fold,0,confidence_Re,745,0.0690719306348797,0.9923976070400276,0.17444434835250366,0.09752380813224151,0.10943275721652042,0.8335570469798658,0.963758389261745
airfoil_10fold,0,full,745,0.06808032903359656,0.920903851912614,0.2842104560542856,0.09752380813224151,0.1128935817475352,0.8268456375838926,0.959731543624161
airfoil_10fold,0,six_bin_table,745,0.06752733419641425,0.9754284843866236,0.20197280029172132,0.09752380813224151,0.10733785363508744,,
airfoil_10fold,1,constant,844,0.0736088513855408,1.0016257706407825,,0.09900699577016243,0.11661168390859734,0.8803317535545023,0.9751184834123223
airfoil_10fold,1,confidence_only,844,0.06736449633269306,0.9302010234093058,0.13323490528462614,0.09900699577016243,0.10602577107201787,0.8495260663507109,0.9644549763033176
airfoil_10fold,1,confidence_Re,844,0.0661522357413513,0.9334014907831794,0.14660151280730613,0.09900699577016243,0.10253233815553782,0.830568720379147,0.957345971563981
airfoil_10fold,1,full,844,0.06601277309992999,0.897951512806879,0.2234549901753252,0.09900699577016243,0.10180980128283829,0.7938388625592417,0.9549763033175356
airfoil_10fold,1,six_bin_table,844,0.06756337777104664,0.932537472525316,0.1731773606281659,0.09900699577016243,0.10684437008348065,,
airfoil_10fold,2,constant,862,0.08451755827353538,0.9938606989226229,,0.12207087476896133,0.11394952860713146,0.8190255220417634,0.9489559164733179
airfoil_10fold,2,confidence_only,862,0.07296707119539944,0.8514320386565845,0.282877268849795,0.12207087476896133,0.11191493278528915,0.8225058004640371,0.9477958236658933
airfoil_10fold,2,confidence_Re,862,0.07174981246791584,0.8323459154403833,0.3114835206737324,0.12207087476896133,0.11036510983070054,0.8074245939675174,0.9454756380510441
airfoil_10fold,2,full,862,0.07071181469453572,0.7445893114518042,0.4235396774821996,0.12207087476896133,0.11617691475702392,0.8004640371229699,0.9605568445475638
airfoil_10fold,2,six_bin_table,862,0.07385330846513972,0.8613348731246333,0.311963415635876,0.12207087476896133,0.11340614774484455,,
airfoil_10fold,3,constant,809,0.09202573990021179,1.222237089207551,,0.12592367139307653,0.11358658870949136,0.7948084054388134,0.9332509270704573
airfoil_10fold,3,confidence_only,809,0.08405559157268847,1.0601312739468514,0.23652739192337036,0.12592367139307653,0.11116697103910882,0.7849196538936959,0.9394313967861557
airfoil_10fold,3,confidence_Re,809,0.08226103703423587,1.0092304232088338,0.3056461208543598,0.12592367139307653,0.11053927531872103,0.765142150803461,0.9530284301606922
airfoil_10fold,3,full,809,0.07754298697882911,0.9441453980948924,0.4006249368241315,0.12592367139307653,0.10482937050422879,0.7169344870210136,0.927070457354759
airfoil_10fold,3,six_bin_table,809,0.08291064384460792,1.0608091181388908,0.29723454243795083,0.12592367139307653,0.10929772515258959,,
airfoil_10fold,4,constant,830,0.07794106348101806,1.1125394364471035,,0.09916376237758605,0.11656066346176087,0.8891566265060241,0.9674698795180723
airfoil_10fold,4,confidence_only,830,0.07260041885154608,1.0242192943611275,0.1286454095243332,0.09916376237758605,0.10903395497819496,0.844578313253012,0.9602409638554217
airfoil_10fold,4,confidence_Re,830,0.06803624245278181,0.9561746116434444,0.2593474794957003,0.09916376237758605,0.10685259457599067,0.8433734939759037,0.9698795180722891
airfoil_10fold,4,full,830,0.0642728408799275,0.8702950114091376,0.4065512917180211,0.09916376237758605,0.10662189513626362,0.8313253012048193,0.9650602409638555
airfoil_10fold,4,six_bin_table,830,0.0730997399188473,1.0054460302482522,0.25408592104491545,0.09916376237758605,0.11291697730709005,,
airfoil_10fold,5,constant,623,0.10363689165608929,1.4425604035786372,,0.1252433068783017,0.11394486025296145,0.8089887640449438,0.9197431781701445
airfoil_10fold,5,confidence_only,623,0.09604757341285759,1.2862708938830074,0.2567658009464072,0.1252433068783017,0.11493487877833398,0.8041733547351525,0.9309791332263242
airfoil_10fold,5,confidence_Re,623,0.09289207414761778,1.2380336759455846,0.3931073623078392,0.1252433068783017,0.1173876866320705,0.8330658105939005,0.9406099518459069
airfoil_10fold,5,full,623,0.08740883291315697,1.0105658494659526,0.50044674246235,0.1252433068783017,0.12490923909949972,0.8202247191011236,0.9438202247191011
airfoil_10fold,5,six_bin_table,623,0.09469630233513579,1.2825973338127667,0.3257167982773101,0.1252433068783017,0.11345161360612399,,
airfoil_10fold,6,constant,744,0.08832776535770585,1.1985862255187825,,0.11600212224921189,0.11468254999748764,0.8145161290322581,0.9556451612903226
airfoil_10fold,6,confidence_only,744,0.0854386180242275,1.065989387502737,0.280046312308835,0.11600212224921189,0.1322520056326708,0.831989247311828,0.9596774193548387
airfoil_10fold,6,confidence_Re,744,0.08107503867292698,1.0261931895346283,0.32959372269201154,0.11600212224921189,0.12827659736298205,0.8387096774193549,0.9623655913978495
airfoil_10fold,6,full,744,0.07729583879779421,0.9550929627535941,0.41391557546409197,0.11600212224921189,0.1269303626236941,0.8131720430107527,0.9690860215053764
airfoil_10fold,6,six_bin_table,744,0.08611199368215915,1.0746559879644124,0.3064873571167993,0.11600212224921189,0.13358610982460065,,
airfoil_10fold,7,constant,704,0.10027337386882836,1.377950814540721,,0.12749053563117807,0.11361220763291648,0.7940340909090909,0.9303977272727273
airfoil_10fold,7,confidence_only,704,0.08881948604039272,1.131110140895666,0.294242036753235,0.12749053563117807,0.11722260689284303,0.8053977272727273,0.9403409090909091
airfoil_10fold,7,confidence_Re,704,0.08552449320067745,1.0423119750371592,0.4021792483718577,0.12749053563117807,0.11741953620228186,0.7997159090909091,0.9545454545454546
airfoil_10fold,7,full,704,0.08103805911868558,0.9474464893760719,0.48954425768535514,0.12749053563117807,0.11777019615209493,0.7769886363636364,0.9446022727272727
airfoil_10fold,7,six_bin_table,704,0.09024940008810661,1.1404488113499536,0.3444670977164416,0.12749053563117807,0.12026225840601375,,
airfoil_10fold,8,constant,851,0.08447121654447326,1.1623576685952612,,0.10614530830861697,0.11580306011060063,0.8307873090481787,0.963572267920094
airfoil_10fold,8,confidence_only,851,0.07666265568841929,1.0330478880660559,0.18624621163074392,0.10614530830861697,0.11109421984875366,0.8225616921269095,0.9600470035252644
airfoil_10fold,8,confidence_Re,851,0.07545467870931746,0.9992116875465819,0.30379390881822355,0.10614530830861697,0.11555068004059676,0.836662749706228,0.972972972972973
airfoil_10fold,8,full,851,0.07154957698033829,0.9183484309776004,0.396371129243144,0.10614530830861697,0.11786470474968813,0.8378378378378378,0.9682726204465335
airfoil_10fold,8,six_bin_table,851,0.0763517694287071,1.0385674508598868,0.24516032025159393,0.10614530830861697,0.1113297842013039,,
airfoil_10fold,9,constant,1199,0.08793966169627856,1.0720182586205877,,0.1272765785832347,0.11266907616419775,0.786488740617181,0.9499582985821518
airfoil_10fold,9,confidence_only,1199,0.08100993242199318,0.9203246553220038,0.257533160137389,0.1272765785832347,0.12132673324564582,0.7973311092577148,0.963302752293578
airfoil_10fold,9,confidence_Re,1199,0.07851267828201304,0.8752999204897811,0.3206137882034896,0.1272765785832347,0.1204086589574392,0.7873227689741451,0.9641367806505421
airfoil_10fold,9,full,1199,0.07797241841643322,0.8708559192231822,0.36451447911000706,0.1272765785832347,0.11938743405157637,0.7506255212677231,0.9366138448707256
airfoil_10fold,9,six_bin_table,1199,0.08148779889751315,0.9321591906110621,0.29252644160142954,0.1272765785832347,0.11988164697561753,,
train_UIUC_test_Princeton,0,constant,4216,0.08468567037908967,1.1367253261559818,,0.10749197163891552,0.12251665265456467,0.8602941176470589,0.9701138519924098
train_UIUC_test_Princeton,0,confidence_only,4216,0.07421996205950009,1.0551221872640364,0.14910512240189513,0.10749197163891552,0.10210823649615346,0.7915085388994307,0.9428368121442126
train_UIUC_test_Princeton,0,confidence_Re,4216,0.07392892651758258,1.0233275420236099,0.22867349413297602,0.10749197163891552,0.10795025786243066,0.8128557874762808,0.9530360531309298
train_UIUC_test_Princeton,0,full,4216,0.07113155740526725,0.9232124446511836,0.357007517297805,0.10749197163891552,0.11041901099477708,0.8052656546489564,0.9535104364326376
train_UIUC_test_Princeton,0,six_bin_table,4216,0.0743454588029472,1.0537028854125632,0.20805143600441828,0.10749197163891552,0.1038419173788293,,
train_Princeton_test_UIUC,0,constant,3995,0.0888660943406448,1.1841046670354123,,0.1225166526545646,0.1074919716389155,0.7969962453066333,0.9346683354192741
train_Princeton_test_UIUC,0,confidence_only,3995,0.0832276980473632,0.9817258516720445,0.2899311390629509,0.1225166526545646,0.12418113131074965,0.835043804755945,0.96270337922403
train_Princeton_test_UIUC,0,confidence_Re,3995,0.07919299757582256,0.928569775391951,0.3599939497696059,0.1225166526545646,0.11731865033193312,0.8155193992490614,0.9634543178973717
train_Princeton_test_UIUC,0,full,3995,0.07711785792521156,0.9021032777941691,0.3981187613142775,0.1225166526545646,0.1160798519761993,0.7712140175219023,0.9429286608260325
train_Princeton_test_UIUC,0,six_bin_table,3995,0.08321141899948759,0.9788436004158688,0.33371304208117497,0.1225166526545646,0.12374553233051983,,
