alpha,CL,CD,airfoil,Re,source
-5.25,-0.292,0.0472,E387,100029,NREL_SR-500-34515_Selig_McGranahan_2004
-4.24,-0.156,0.0293,E387,100029,NREL_SR-500-34515_Selig_McGranahan_2004
-3.12,-0.001,0.022,E387,100029,NREL_SR-500-34515_Selig_McGranahan_2004
-2.13,0.139,0.0187,E387,100029,NREL_SR-500-34515_Selig_McGranahan_2004
-1.11,0.238,0.0174,E387,100029,NREL_SR-500-34515_Selig_McGranahan_2004
-0.08,0.339,0.0202,E387,100029,NREL_SR-500-34515_Selig_McGranahan_2004
0.95,0.435,0.0229,E387,100029,NREL_SR-500-34515_Selig_McGranahan_2004
1.96,0.53,0.0266,E387,100029,NREL_SR-500-34515_Selig_McGranahan_2004
3.0,0.623,0.029,E387,100029,NREL_SR-500-34515_Selig_McGranahan_2004
4.0,0.715,0.0317,E387,100029,NREL_SR-500-34515_Selig_McGranahan_2004
7.07,1.032,0.0218,E387,100029,NREL_SR-500-34515_Selig_McGranahan_2004
8.11,1.13,0.0215,E387,100029,NREL_SR-500-34515_Selig_McGranahan_2004
9.17,1.176,0.0269,E387,100029,NREL_SR-500-34515_Selig_McGranahan_2004
10.11,1.185,0.0363,E387,100029,NREL_SR-500-34515_Selig_McGranahan_2004
11.14,1.188,0.0526,E387,100029,NREL_SR-500-34515_Selig_McGranahan_2004
-6.21,-0.338,0.0754,E387,100062,NREL_SR-500-34515_Selig_McGranahan_2004
-3.18,0.034,0.0218,E387,100062,NREL_SR-500-34515_Selig_McGranahan_2004
-2.1,0.187,0.0197,E387,100062,NREL_SR-500-34515_Selig_McGranahan_2004
-1.07,0.28,0.0178,E387,100062,NREL_SR-500-34515_Selig_McGranahan_2004
-0.05,0.381,0.0205,E387,100062,NREL_SR-500-34515_Selig_McGranahan_2004
0.93,0.474,0.0229,E387,100062,NREL_SR-500-34515_Selig_McGranahan_2004
1.97,0.583,0.0235,E387,100062,NREL_SR-500-34515_Selig_McGranahan_2004
3.05,0.688,0.022,E387,100062,NREL_SR-500-34515_Selig_McGranahan_2004
4.05,0.785,0.0198,E387,100062,NREL_SR-500-34515_Selig_McGranahan_2004
5.1,0.885,0.019,E387,100062,NREL_SR-500-34515_Selig_McGranahan_2004
6.06,0.981,0.0186,E387,100062,NREL_SR-500-34515_Selig_McGranahan_2004
7.14,1.075,0.0193,E387,100062,NREL_SR-500-34515_Selig_McGranahan_2004
8.13,1.136,0.0253,E387,100062,NREL_SR-500-34515_Selig_McGranahan_2004
9.15,1.183,0.03,E387,100062,NREL_SR-500-34515_Selig_McGranahan_2004
10.16,1.22,0.0381,E387,100062,NREL_SR-500-34515_Selig_McGranahan_2004
11.14,1.228,0.051,E387,100062,NREL_SR-500-34515_Selig_McGranahan_2004
-6.22,-0.346,0.0754,E387,199800,NREL_SR-500-34515_Selig_McGranahan_2004
-5.18,-0.15,0.037,E387,199800,NREL_SR-500-34515_Selig_McGranahan_2004
-4.17,-0.026,0.018,E387,199800,NREL_SR-500-34515_Selig_McGranahan_2004
-3.15,0.062,0.0154,E387,199800,NREL_SR-500-34515_Selig_McGranahan_2004
-2.12,0.162,0.013,E387,199800,NREL_SR-500-34515_Selig_McGranahan_2004
-1.09,0.263,0.0124,E387,199800,NREL_SR-500-34515_Selig_McGranahan_2004
-0.02,0.369,0.0113,E387,199800,NREL_SR-500-34515_Selig_McGranahan_2004
0.96,0.465,0.0102,E387,199800,NREL_SR-500-34515_Selig_McGranahan_2004
1.96,0.558,0.0115,E387,199800,NREL_SR-500-34515_Selig_McGranahan_2004
3.0,0.646,0.0131,E387,199800,NREL_SR-500-34515_Selig_McGranahan_2004
4.0,0.748,0.0149,E387,199800,NREL_SR-500-34515_Selig_McGranahan_2004
5.03,0.842,0.0166,E387,199800,NREL_SR-500-34515_Selig_McGranahan_2004
6.09,0.937,0.0186,E387,199800,NREL_SR-500-34515_Selig_McGranahan_2004
7.1,1.03,0.0204,E387,199800,NREL_SR-500-34515_Selig_McGranahan_2004
8.12,1.117,0.0227,E387,199800,NREL_SR-500-34515_Selig_McGranahan_2004
9.12,1.194,0.0258,E387,199800,NREL_SR-500-34515_Selig_McGranahan_2004
10.13,1.237,0.032,E387,199800,NREL_SR-500-34515_Selig_McGranahan_2004
11.13,1.228,0.0503,E387,199800,NREL_SR-500-34515_Selig_McGranahan_2004
12.17,1.215,0.0733,E387,199800,NREL_SR-500-34515_Selig_McGranahan_2004
-6.24,-0.332,0.0705,E387,199879,NREL_SR-500-34515_Selig_McGranahan_2004
-5.2,-0.138,0.0352,E387,199879,NREL_SR-500-34515_Selig_McGranahan_2004
-4.17,-0.015,0.0192,E387,199879,NREL_SR-500-34515_Selig_McGranahan_2004
-3.14,0.081,0.015,E387,199879,NREL_SR-500-34515_Selig_McGranahan_2004
-2.14,0.178,0.0125,E387,199879,NREL_SR-500-34515_Selig_McGranahan_2004
-1.09,0.271,0.0102,E387,199879,NREL_SR-500-34515_Selig_McGranahan_2004
-0.05,0.381,0.0104,E387,199879,NREL_SR-500-34515_Selig_McGranahan_2004
0.97,0.483,0.011,E387,199879,NREL_SR-500-34515_Selig_McGranahan_2004
2.01,0.593,0.0118,E387,199879,NREL_SR-500-34515_Selig_McGranahan_2004
3.0,0.698,0.0126,E387,199879,NREL_SR-500-34515_Selig_McGranahan_2004
4.09,0.806,0.0134,E387,199879,NREL_SR-500-34515_Selig_McGranahan_2004
5.02,0.902,0.0138,E387,199879,NREL_SR-500-34515_Selig_McGranahan_2004
6.09,1.017,0.014,E387,199879,NREL_SR-500-34515_Selig_McGranahan_2004
7.14,1.119,0.0149,E387,199879,NREL_SR-500-34515_Selig_McGranahan_2004
8.15,1.191,0.0181,E387,199879,NREL_SR-500-34515_Selig_McGranahan_2004
9.18,1.226,0.0265,E387,199879,NREL_SR-500-34515_Selig_McGranahan_2004
10.12,1.234,0.0358,E387,199879,NREL_SR-500-34515_Selig_McGranahan_2004
11.18,1.227,0.055,E387,199879,NREL_SR-500-34515_Selig_McGranahan_2004
12.2,1.218,0.0774,E387,199879,NREL_SR-500-34515_Selig_McGranahan_2004
-6.0,-0.4,0.05,SD2030,100002,NREL_SR-500-34515_Selig_McGranahan_2004
-4.95,-0.339,0.0321,SD2030,100002,NREL_SR-500-34515_Selig_McGranahan_2004
-3.98,-0.262,0.0238,SD2030,100002,NREL_SR-500-34515_Selig_McGranahan_2004
-2.99,-0.17,0.0189,SD2030,100002,NREL_SR-500-34515_Selig_McGranahan_2004
-1.9,-0.074,0.0136,SD2030,100002,NREL_SR-500-34515_Selig_McGranahan_2004
-0.93,0.011,0.0138,SD2030,100002,NREL_SR-500-34515_Selig_McGranahan_2004
0.11,0.122,0.0154,SD2030,100002,NREL_SR-500-34515_Selig_McGranahan_2004
1.14,0.231,0.0163,SD2030,100002,NREL_SR-500-34515_Selig_McGranahan_2004
2.17,0.403,0.0188,SD2030,100002,NREL_SR-500-34515_Selig_McGranahan_2004
3.17,0.574,0.0171,SD2030,100002,NREL_SR-500-34515_Selig_McGranahan_2004
4.26,0.693,0.0154,SD2030,100002,NREL_SR-500-34515_Selig_McGranahan_2004
5.29,0.784,0.0147,SD2030,100002,NREL_SR-500-34515_Selig_McGranahan_2004
6.32,0.873,0.017,SD2030,100002,NREL_SR-500-34515_Selig_McGranahan_2004
7.33,0.945,0.0215,SD2030,100002,NREL_SR-500-34515_Selig_McGranahan_2004
8.34,1.0,0.0269,SD2030,100002,NREL_SR-500-34515_Selig_McGranahan_2004
9.36,1.051,0.0351,SD2030,100002,NREL_SR-500-34515_Selig_McGranahan_2004
10.34,1.09,0.0437,SD2030,100002,NREL_SR-500-34515_Selig_McGranahan_2004
11.39,1.105,0.0679,SD2030,100002,NREL_SR-500-34515_Selig_McGranahan_2004
