source,rpm,pitch_deg,Re_75,Re_tip,Q_Nmm,P_W,CQ,induced_frac,torque_share_below_Re60k
neuralfoil,3000,-2.55899,70102.7,91756.5,6.30295,1.98013,0.00275916,0.00134616,0.172063
neuralfoil,4000,-3.07691,93470.9,122339,10.5942,4.43769,0.0026087,0.00107712,0.0633438
neuralfoil,5000,-3.32546,116839,152920,15.5009,8.11623,0.00244282,0.000589969,0.0239834
neuralfoil,6000,-3.4317,140207,183502,20.6389,12.9678,0.0022587,0.000296002,0.016907
neuralfoil,7000,-3.47272,163574,214084,25.9965,19.0564,0.00209023,0.000151692,0.00665584
neuralfoil,7750,-3.48544,181099,237021,30.2637,24.5614,0.00198515,9.45107e-05,0.00694344
neuralfoil_tripped,3000,-3.12913,70102.7,91750.1,5.63505,1.7703,0.00246678,3.80385e-07,0.179973
neuralfoil_tripped,4000,-3.1634,93470.2,122333,9.37349,3.92636,0.00230811,3.9855e-07,0.0658791
neuralfoil_tripped,5000,-3.19023,116838,152917,13.9577,7.30823,0.00219962,5.07878e-07,0.0245989
neuralfoil_tripped,6000,-3.2107,140205,183500,19.3123,12.1343,0.00211352,5.38722e-07,0.016427
neuralfoil_tripped,7000,-3.22554,163573,214084,25.3612,18.5907,0.00203914,4.86508e-07,0.00632542
neuralfoil_tripped,7750,-3.23366,181099,237021,30.315,24.603,0.00198852,4.20706e-07,0.00630041
xfoil,3000,-2.61781,70102.7,91756,6.344,1.99303,0.00277713,0.00121796,0.173356
xfoil,4000,-3.1165,93470.8,122338,10.5109,4.40278,0.00258818,0.000962978,0.064531
xfoil,5000,-3.34199,116839,152919,15.4925,8.11187,0.0024415,0.000502939,0.0243264
xfoil,6000,-3.41427,140207,183501,20.7038,13.0086,0.0022658,0.000237567,0.0169785
xfoil,7000,-3.43748,163574,214084,26.6217,19.5147,0.00214049,0.000115866,0.00660507
xfoil,7750,-3.44432,181099,237021,30.9931,25.1533,0.002033,7.12921e-05,0.00685253
uiuc,3000,-2.65934,70102.8,91751.7,5.55866,1.74631,0.00243334,0.000156267,0.169558
uiuc,4000,-2.9149,93470.5,122334,9.04085,3.78702,0.0022262,0.000173,0.064083
uiuc,5000,-3.00024,116838,152917,12.8483,6.72733,0.00202479,8.84411e-05,0.0248632
uiuc,6000,-3.17112,140205,183502,17.4176,10.9438,0.00190617,9.86858e-05,0.0173867
uiuc,7000,-3.33126,163573,214085,22.8994,16.7862,0.00184121,0.000114085,0.00655195
uiuc,7750,-3.37256,181099,237022,27.3529,22.199,0.00179422,8.49864e-05,0.00672746
princeton,3000,-2.4286,70102.9,91752.5,4.82445,1.51564,0.00211193,0.000299752,0.165976
princeton,4000,-2.73367,93470.6,122335,7.96181,3.33504,0.0019605,0.00032348,0.0618408
princeton,5000,-2.83474,116838,152918,11.4908,6.01657,0.00181086,0.000160406,0.0236279
princeton,6000,-2.891,140206,183501,15.3522,9.6461,0.00168014,8.46116e-05,0.0167398
princeton,7000,-2.92459,163573,214084,19.5334,14.3187,0.00157057,4.54158e-05,0.00650862
princeton,7750,-2.93069,181099,237021,23.0141,18.6777,0.00150961,2.92562e-05,0.00677185
