article,pitch_deg,source,rpm,Re_75,Re_tip,alpha_75,conf_75,T_N,Q_Nmm,P_W,induced_frac,CT,CQ,mu_blade,Q_Nmm_p2_5,Q_Nmm_p10,Q_Nmm_p50,Q_Nmm_p90,Q_Nmm_p97_5,T_N_p10,T_N_p90
Z-4.6,-4.6,neuralfoil,3000,70138.7,91772.7,-2.7623,0.93459,-0.0717785,6.74252,2.11823,0.0306445,-0.00754116,0.00295158,,,,,,,,
Z-4.6,-4.6,neuralfoil,4000,93491.9,122349,-3.36632,0.80756,-0.0697757,11.0957,4.64777,0.0133445,-0.00412354,0.00273219,,,,,,,,
Z-4.6,-4.6,neuralfoil,5000,116854,152934,-3.64095,0.689949,-0.0721276,16.1114,8.43592,0.00772686,-0.00272802,0.00253903,,,,,,,,
Z-4.6,-4.6,neuralfoil,6000,140221,183522,-3.73443,0.654643,-0.0839608,21.4162,13.4562,0.00615294,-0.00220526,0.00234377,,,,,,,,
Z-4.6,-4.6,neuralfoil,7000,163591,214112,-3.74059,0.669992,-0.106502,26.9969,19.7898,0.0061386,-0.00205517,0.00217066,,,,,,,,
Z-4.6,-4.6,neuralfoil,7750,181120,237054,-3.71989,0.693082,-0.130014,31.4186,25.4986,0.00656137,-0.00204679,0.00206091,,,,,,,,
Z-4.6,-4.6,neuralfoil_tripped,3000,70121.5,91774.2,-3.27299,,-0.0374608,5.87327,1.84514,0.0142996,-0.00393569,0.00257106,,,,,,,,
Z-4.6,-4.6,neuralfoil_tripped,4000,93494.4,122364,-3.29671,,-0.0641649,9.77828,4.09592,0.0143827,-0.00379196,0.00240779,,,,,,,,
Z-4.6,-4.6,neuralfoil_tripped,5000,116867,152954,-3.32055,,-0.09683,14.5588,7.62297,0.0142837,-0.00366232,0.00229436,,,,,,,,
Z-4.6,-4.6,neuralfoil_tripped,6000,140239,183543,-3.34135,,-0.13547,20.1344,12.6508,0.0142205,-0.00355817,0.00220349,,,,,,,,
Z-4.6,-4.6,neuralfoil_tripped,7000,163611,214133,-3.35746,,-0.180407,26.4285,19.3731,0.014265,-0.00348132,0.00212496,,,,,,,,
Z-4.6,-4.6,neuralfoil_tripped,7750,181141,237075,-3.36645,,-0.218473,31.5812,25.6306,0.0143715,-0.00343939,0.00207158,,,,,,,,
Z-4.6,-4.6,xfoil,3000,70135.8,91771.3,-2.83765,,-0.0674112,6.78966,2.13303,0.0276876,-0.00708232,0.00297222,,,,,,,,
Z-4.6,-4.6,xfoil,4000,93490.7,122348,-3.39886,,-0.0656308,10.964,4.59258,0.0123148,-0.00387859,0.00269975,,,,,,,,
Z-4.6,-4.6,xfoil,5000,116853,152934,-3.6635,,-0.0691485,15.9906,8.37267,0.00731663,-0.00261535,0.00252,,,,,,,,
Z-4.6,-4.6,xfoil,6000,140221,183525,-3.7443,,-0.085797,21.4519,13.4786,0.00643293,-0.00225349,0.00234768,,,,,,,,
Z-4.6,-4.6,xfoil,7000,163593,214116,-3.69981,,-0.115121,27.8604,20.4227,0.00683359,-0.0022215,0.00224009,,,,,,,,
Z-4.6,-4.6,xfoil,7750,181123,237060,-3.65579,,-0.143718,32.5513,26.4179,0.00750769,-0.00226253,0.0021352,,,,,,,,
Z-3.6,-3.6,neuralfoil,3000,70112.3,91751.7,-2.65248,0.942781,-0.0223842,6.4081,2.01316,0.00622519,-0.00235171,0.00280519,,,,,,,,
Z-3.6,-3.6,neuralfoil,4000,93471.5,122333,-3.30011,0.833589,-0.0132621,10.6682,4.4687,0.0016936,-0.000783752,0.00262693,,,,,,,,
Z-3.6,-3.6,neuralfoil,5000,116838,152917,-3.59369,0.722443,-0.00826056,15.5614,8.14794,0.000618722,-0.000312432,0.00245236,,,,,,,,
Z-3.6,-3.6,neuralfoil,6000,140205,183500,-3.68653,0.688341,-0.00542802,20.682,12.9949,0.00027642,-0.000142569,0.00226342,,,,,,,,
Z-3.6,-3.6,neuralfoil,7000,163573,214084,-3.68538,0.70722,-0.00387367,26.0264,19.0783,0.000139291,-7.47503e-05,0.00209263,,,,,,,,
Z-3.6,-3.6,neuralfoil,7750,181099,237021,-3.65822,0.733194,-0.0031147,30.2864,24.5798,8.73913e-05,-4.90342e-05,0.00198664,,,,,,,,
Z-3.6,-3.6,neuralfoil_tripped,3000,70104.8,91752.6,-3.14944,,-0.00443135,5.65683,1.77715,0.000627341,-0.000465564,0.00247632,,,,,,,,
Z-3.6,-3.6,neuralfoil_tripped,4000,93472.8,122336,-3.17731,,-0.00688466,9.40701,3.9404,0.0005446,-0.000406864,0.00231636,,,,,,,,
Z-3.6,-3.6,neuralfoil_tripped,5000,116841,152920,-3.2043,,-0.00947494,14.0043,7.33261,0.000470635,-0.000358363,0.00220696,,,,,,,,
Z-3.6,-3.6,neuralfoil_tripped,6000,140208,183503,-3.2273,,-0.0122574,19.3715,12.1714,0.000416746,-0.000321944,0.00211999,,,,,,,,
Z-3.6,-3.6,neuralfoil_tripped,7000,163576,214087,-3.2449,,-0.0153609,25.4333,18.6436,0.000382182,-0.000296419,0.00204494,,,,,,,,
Z-3.6,-3.6,neuralfoil_tripped,7750,181102,237025,-3.25465,,-0.0179738,30.3974,24.6699,0.000366275,-0.000282958,0.00199392,,,,,,,,
Z-3.6,-3.6,xfoil,3000,70110.9,91751.4,-2.72288,,-0.0201262,6.44268,2.02403,0.0053621,-0.00211449,0.00282032,,,,,,,,
Z-3.6,-3.6,xfoil,4000,93471.3,122334,-3.32537,,-0.0117678,10.5737,4.42909,0.00145862,-0.000695445,0.00260364,,,,,,,,
Z-3.6,-3.6,xfoil,5000,116838,152917,-3.60872,,-0.00733176,15.5351,8.13418,0.000527654,-0.000277303,0.00244822,,,,,,,,
Z-3.6,-3.6,xfoil,6000,140205,183500,-3.68743,,-0.00503603,20.7384,13.0303,0.000234692,-0.000132273,0.00226959,,,,,,,,
Z-3.6,-3.6,xfoil,7000,163573,214084,-3.63346,,-0.00383598,26.653,19.5377,0.000116401,-7.40229e-05,0.00214301,,,,,,,,
Z-3.6,-3.6,xfoil,7750,181099,237022,-3.5852,,-0.00361732,31.0205,25.1755,7.72842e-05,-5.69468e-05,0.00203479,,,,,,,,
Z-2.6,-2.6,neuralfoil,3000,70102.7,91755.8,-2.61113,0.945464,-0.000812033,6.30579,1.98102,0.00128892,-8.53134e-05,0.0027604,,,,,,,,
Z-2.6,-2.6,neuralfoil,4000,93476.7,122351,-3.2736,0.844011,0.0197966,10.4959,4.3965,0.00376782,0.00116992,0.00258448,,,,,,,,
Z-2.6,-2.6,neuralfoil,5000,116854,152941,-3.54341,0.750466,0.0489931,15.1771,7.94671,0.00610349,0.00185302,0.00239179,,,,,,,,
Z-2.6,-2.6,neuralfoil,6000,140228,183527,-3.6221,0.733702,0.0785025,20.1169,12.6398,0.00701941,0.0020619,0.00220157,,,,,,,,
Z-2.6,-2.6,neuralfoil,7000,163598,214111,-3.61147,0.757085,0.105987,25.4197,18.6336,0.00707406,0.00204524,0.00204385,,,,,,,,
Z-2.6,-2.6,neuralfoil,7750,181125,237049,-3.58125,0.778992,0.125967,29.6751,24.0837,0.00691313,0.00198308,0.00194654,,,,,,,,
Z-2.6,-2.6,neuralfoil_tripped,3000,70105.4,91754.1,-3.10994,,0.00585683,5.61658,1.7645,0.00099334,0.000615327,0.00245869,,,,,,,,
Z-2.6,-2.6,neuralfoil_tripped,4000,93474.3,122339,-3.13795,,0.0116203,9.33841,3.91166,0.00124539,0.000686725,0.00229947,,,,,,,,
Z-2.6,-2.6,neuralfoil_tripped,5000,116843,152925,-3.16454,,0.0198814,13.898,7.27697,0.00149115,0.000751956,0.00219022,,,,,,,,
Z-2.6,-2.6,neuralfoil_tripped,6000,140213,183511,-3.18698,,0.0306448,19.2206,12.0767,0.00170946,0.000804898,0.00210349,,,,,,,,
Z-2.6,-2.6,neuralfoil_tripped,7000,163582,214096,-3.20395,,0.0437434,25.2358,18.4988,0.00189087,0.000844117,0.00202906,,,,,,,,
Z-2.6,-2.6,neuralfoil_tripped,7750,181109,237035,-3.21323,,0.0549813,30.1642,24.4806,0.00200364,0.000865561,0.00197863,,,,,,,,
Z-2.6,-2.6,xfoil,3000,70102.8,91756.3,-2.68283,,0.000346985,6.34267,1.99261,0.00124727,3.64548e-05,0.00277654,,,,,,,,
Z-2.6,-2.6,xfoil,4000,93477.1,122352,-3.29392,,0.0210889,10.4166,4.3633,0.00392051,0.00124629,0.00256497,,,,,,,,
Z-2.6,-2.6,xfoil,5000,116854,152940,-3.5524,,0.0487721,15.2586,7.98938,0.00589739,0.00184467,0.00240464,,,,,,,,
Z-2.6,-2.6,xfoil,6000,140227,183523,-3.61091,,0.0737219,20.2607,12.7301,0.00623905,0.00193633,0.00221731,,,,,,,,
Z-2.6,-2.6,xfoil,7000,163596,214107,-3.55893,,0.0965019,26.0135,19.0689,0.00593591,0.0018622,0.0020916,,,,,,,,
Z-2.6,-2.6,xfoil,7750,181122,237045,-3.51834,,0.11303,30.431,24.6971,0.00567602,0.00177941,0.00199613,,,,,,,,
L+4.0,4,neuralfoil,3000,70398.4,92303,-1.25297,0.946412,0.504706,9.35025,2.93747,0.492209,0.0530252,0.00409313,0.137783,7.88508,8.27702,8.93449,9.31655,10.2715,0.504718,0.505089
L+4.0,4,neuralfoil,4000,93899,123074,-1.47814,0.952499,0.968507,16.0077,6.7053,0.555648,0.057236,0.00394171,0.123766,14.0092,14.5689,15.4693,16.3945,17.8329,0.968335,0.969143
L+4.0,4,neuralfoil,5000,117363,153815,-1.42456,0.956877,1.52965,23.6172,12.3659,0.586655,0.0578548,0.00372189,0.112465,21.0946,21.8997,23.1075,24.9565,26.861,1.52904,1.53043
L+4.0,4,neuralfoil,6000,140824,184558,-1.37391,0.959989,2.19897,32.523,20.4348,0.606386,0.0577569,0.00355929,0.103943,29.5454,30.598,32.2525,34.7969,37.5662,2.19794,2.19985
L+4.0,4,neuralfoil,6250,146690,192244,-1.36525,0.96056,2.38372,34.9683,22.8867,0.610289,0.0577008,0.00352687,0.102161,31.8401,32.9553,34.6942,37.3625,40.2106,2.38263,2.38463
L+4.0,4,neuralfoil_tripped,3000,70383,92229.1,-1.11581,,0.502394,9.06543,2.84799,0.474895,0.0527823,0.00396845,,,,,,,,
L+4.0,4,neuralfoil_tripped,4000,93848.9,122979,-1.14905,,0.903307,15.4974,6.49155,0.50198,0.0533828,0.00381606,,,,,,,,
L+4.0,4,neuralfoil_tripped,5000,117315,153729,-1.17099,,1.42198,23.5567,12.3343,0.52149,0.0537823,0.00371236,,,,,,,,
L+4.0,4,neuralfoil_tripped,6000,140781,184479,-1.18572,,2.05809,33.22,20.8728,0.536292,0.0540566,0.00363557,,,,,,,,
L+4.0,4,neuralfoil_tripped,6250,146648,192166,-1.1886,,2.23544,35.8846,23.4864,0.539461,0.0541115,0.00361928,,,,,,,,
L+4.0,4,xfoil,3000,70395.9,92294.9,-1.23144,,0.50467,9.0907,2.85593,0.502451,0.0530214,0.00397951,,,,,,,,
L+4.0,4,xfoil,4000,93897.4,123070,-1.46819,,0.966552,15.4121,6.45583,0.573986,0.0571205,0.00379506,,,,,,,,
L+4.0,4,xfoil,5000,117363,153814,-1.4243,,1.53003,23.0838,12.0866,0.600605,0.0578689,0.00363783,,,,,,,,
L+4.0,4,xfoil,6000,140830,184558,-1.39728,,2.20697,32.1997,20.2317,0.616689,0.0579669,0.00352391,,,,,,,,
L+4.0,4,xfoil,6250,146696,192245,-1.39315,,2.39433,34.7143,22.7205,0.619657,0.0579575,0.00350125,,,,,,,,
