Re,alpha,CL,CD
40000,-7,-0.363,0.0948
40000,-6.5,-0.3534,0.08913
40000,-6,-0.3381,0.08311
40000,-5.5,-0.3105,0.07615
40000,-5,-0.2772,0.06927
40000,-4.5,-0.1324,0.05448
40000,-4,-0.1755,0.054
40000,-3,-0.1975,0.04062
40000,-2.5,-0.135,0.03601
40000,-2,-0.0755,0.03267
40000,-1.5,-0.0238,0.03092
40000,-1,0.0349,0.02911
40000,-0.5,0.0703,0.02597
40000,0,0.1146,0.02756
40000,0.5,0.1997,0.02989
40000,1,0.2699,0.03214
40000,1.5,0.3343,0.03447
40000,2,0.3994,0.03697
40000,2.5,0.4531,0.03956
40000,3,0.4989,0.04227
40000,3.5,0.5446,0.04521
40000,4,0.5943,0.04838
40000,4.5,0.6338,0.05177
40000,5,0.6699,0.05533
40000,5.5,0.7095,0.05906
40000,6,0.7717,0.06246
40000,6.5,0.8189,0.06549
40000,7,0.8611,0.06815
40000,7.5,0.9348,0.0683
40000,8,0.9951,0.0675
40000,8.5,1.1778,0.03548
40000,9,1.1406,0.04265
40000,9.5,1.1722,0.0496
40000,10,1.2494,0.05737
46938,-7,-0.3686,0.09333
46938,-6.5,-0.355,0.08694
46938,-6,-0.3552,0.08222
46938,-5.5,-0.3518,0.07715
46938,-5,-0.3853,0.07563
46938,-3.5,-0.2699,0.04864
46938,-3,-0.194,0.03897
46938,-2.5,-0.129,0.03429
46938,-2,-0.0753,0.03149
46938,-1.5,-0.0181,0.02962
46938,-1,0.0783,0.02477
46938,-0.5,0.1515,0.02561
46938,0,0.2251,0.02726
46938,0.5,0.2947,0.02897
46938,1,0.3664,0.03079
46938,1.5,0.4176,0.03273
46938,2,0.4713,0.0348
46938,2.5,0.528,0.037
46938,3,0.5768,0.03943
46938,3.5,0.6147,0.04215
46938,4,0.661,0.0449
46938,4.5,0.7035,0.04787
46938,5,0.7449,0.0509
46938,5.5,0.7851,0.0539
46938,6,0.8392,0.05606
46938,6.5,0.9047,0.05671
46938,7,0.9571,0.0571
46938,7.5,1.0497,0.05196
46938,8,1.1773,0.03445
46938,8.5,1.16,0.03384
46938,9,1.1269,0.04197
46938,9.5,1.179,0.04752
46938,10,1.2454,0.05428
55080,-7,-0.3811,0.09255
55080,-6.5,-0.3568,0.08495
55080,-6,-0.3672,0.08102
55080,-5,-0.3927,0.07368
55080,-4.5,-0.3982,0.06962
55080,-4,-0.3984,0.06554
55080,-2.5,-0.0941,0.0318
55080,-2,0,0.02866
55080,-1.5,0.0866,0.02665
55080,-1,0.157,0.02288
55080,-0.5,0.2373,0.02404
55080,0,0.3044,0.02529
55080,0.5,0.3676,0.02662
55080,1,0.4344,0.02797
55080,1.5,0.4925,0.02952
55080,2,0.5394,0.03137
55080,2.5,0.5927,0.03319
55080,3,0.6487,0.035
55080,3.5,0.685,0.03754
55080,4,0.7264,0.03999
55080,4.5,0.7859,0.04175
55080,5,0.8133,0.04479
55080,5.5,0.8607,0.04662
55080,6,0.9312,0.04588
55080,6.5,0.9821,0.04577
55080,7,1.063,0.04156
55080,7.5,1.1375,0.03658
55080,8,1.1804,0.02772
55080,8.5,1.1406,0.03454
55080,9,1.1282,0.04098
55080,9.5,1.1722,0.04512
55080,10,1.2567,0.05225
64635,-7,-0.3738,0.08934
64635,-6.5,-0.3606,0.08295
64635,-6,-0.3574,0.07776
64635,-5.5,-0.3765,0.07451
64635,-5,-0.3904,0.07116
64635,-4.5,-0.3906,0.06686
64635,-4,-0.3691,0.06181
64635,-3.5,-0.2017,0.04105
64635,-3,-0.0973,0.03211
64635,-2.5,-0.0037,0.02792
64635,-2,0.0814,0.02522
64635,-1.5,0.1629,0.02094
64635,-1,0.235,0.0207
64635,-0.5,0.3067,0.02148
64635,0,0.3681,0.02241
64635,0.5,0.4311,0.02332
64635,1,0.4927,0.02424
64635,1.5,0.5416,0.02564
64635,2,0.5921,0.02703
64635,2.5,0.6444,0.0284
64635,3,0.6972,0.02976
64635,3.5,0.7393,0.0318
64635,4,0.7829,0.03379
64635,4.5,0.8352,0.03507
64635,5,0.8745,0.03713
64635,5.5,0.928,0.03722
64635,6,0.9854,0.03629
64635,6.5,1.0436,0.03487
64635,7,1.1084,0.03207
64635,7.5,1.1641,0.0265
64635,8,1.167,0.02657
64635,8.5,1.1347,0.03464
64635,9,1.1394,0.03926
64635,9.5,1.1923,0.04325
64635,10,1.2587,0.04986
75846,-7,-0.3677,0.08718
75846,-6.5,-0.357,0.08091
75846,-6,-0.3588,0.07582
75846,-5.5,-0.3854,0.07279
75846,-4.5,-0.3424,0.06174
75846,-4,-0.27,0.05412
75846,-3.5,-0.1142,0.03383
75846,-3,-0.0182,0.02751
75846,-2.5,0.0689,0.02423
75846,-2,0.1493,0.02184
75846,-1.5,0.2135,0.01769
75846,-1,0.2829,0.01813
75846,-0.5,0.3483,0.0186
75846,0,0.4029,0.01936
75846,0.5,0.4581,0.02012
75846,1,0.5131,0.02089
75846,1.5,0.5673,0.0217
75846,2,0.6183,0.02277
75846,2.5,0.6667,0.02408
75846,3,0.7164,0.02532
75846,3.5,0.7667,0.02651
75846,4,0.8177,0.02759
75846,4.5,0.8618,0.02928
75846,5,0.9146,0.02952
75846,5.5,0.9662,0.02912
75846,6,1.0178,0.02875
75846,6.5,1.0712,0.02796
75846,7,1.1262,0.02659
75846,7.5,1.1657,0.02219
75846,8,1.1473,0.02796
75846,8.5,1.1438,0.03351
75846,9,1.1554,0.03763
75846,9.5,1.1986,0.04142
75846,10,1.2595,0.04789
89003,-7,-0.3653,0.08492
89003,-6.5,-0.3557,0.07838
89003,-6,-0.3776,0.07438
89003,-5.5,-0.3889,0.07132
89003,-5,-0.338,0.06287
89003,-4.5,-0.2603,0.05427
89003,-4,-0.1371,0.03743
89003,-3.5,-0.0439,0.02812
89003,-3,0.0434,0.02403
89003,-2.5,0.1195,0.02101
89003,-2,0.1884,0.01901
89003,-1.5,0.2438,0.01537
89003,-1,0.2999,0.01582
89003,-0.5,0.3559,0.01625
89003,0,0.4109,0.01672
89003,0.5,0.4639,0.01736
89003,1,0.5162,0.0181
89003,1.5,0.5687,0.01885
89003,2,0.6212,0.01963
89003,2.5,0.6736,0.02045
89003,3,0.7257,0.0213
89003,3.5,0.7777,0.02217
89003,4,0.8265,0.02344
89003,4.5,0.8764,0.0244
89003,5,0.9295,0.02418
89003,5.5,0.9817,0.02381
89003,6,1.0323,0.02382
89003,6.5,1.0844,0.02342
89003,7,1.1344,0.02152
89003,7.5,1.1623,0.02057
89003,8,1.1428,0.02809
89003,8.5,1.1548,0.0321
89003,9,1.1666,0.03614
89003,9.5,1.2027,0.03982
89003,10,1.2601,0.04527
104441,-7,-0.3691,0.0823
104441,-6.5,-0.3546,0.07642
104441,-6,-0.3829,0.07193
104441,-5.5,-0.344,0.06432
104441,-5,-0.2717,0.05562
104441,-4.5,-0.1969,0.04813
104441,-4,-0.0803,0.03064
104441,-3.5,0.0017,0.02458
104441,-3,0.076,0.02092
104441,-2.5,0.1409,0.01872
104441,-2,0.1958,0.01712
104441,-1.5,0.2428,0.0136
104441,-0.5,0.3512,0.01433
104441,0,0.4047,0.01479
104441,0.5,0.4584,0.01527
104441,1,0.5121,0.0158
104441,1.5,0.5658,0.01638
104441,2,0.6194,0.01699
104441,2.5,0.6725,0.01774
104441,3,0.7254,0.01853
104441,3.5,0.7779,0.01933
104441,4,0.8303,0.02011
104441,4.5,0.8827,0.02066
104441,5,0.9342,0.02052
104441,5.5,0.9873,0.02038
104441,6,1.0395,0.02038
104441,6.5,1.0914,0.02022
104441,7,1.1353,0.01837
104441,7.5,1.1461,0.02136
104441,8,1.1473,0.02723
104441,8.5,1.1635,0.03079
104441,9,1.1751,0.03461
104441,9.5,1.2147,0.03929
104441,10,1.2688,0.04501
122557,-7,-0.3694,0.07956
122557,-6.5,-0.3548,0.07446
122557,-6,-0.3826,0.07183
122557,-5.5,-0.3043,0.06003
122557,-5,-0.2221,0.05036
122557,-4.5,-0.1437,0.04234
122557,-4,-0.0471,0.02688
122557,-3.5,0.0218,0.02235
122557,-3,0.0832,0.01938
122557,-2.5,0.1374,0.01729
122557,-2,0.1904,0.01576
122557,-1.5,0.2315,0.01279
122557,-1,0.2886,0.01245
122557,-0.5,0.3429,0.01278
122557,0,0.3973,0.01315
122557,0.5,0.4518,0.01359
122557,1,0.5065,0.01408
122557,1.5,0.561,0.01459
122557,2,0.6155,0.01513
122557,2.5,0.6698,0.0157
122557,3,0.724,0.01629
122557,3.5,0.7779,0.0169
122557,4,0.8316,0.01749
122557,4.5,0.8853,0.01777
122557,5,0.9373,0.01768
122557,5.5,0.99,0.01786
122557,6,1.0434,0.01786
122557,6.5,1.0939,0.01768
122557,7,1.1344,0.01672
122557,7.5,1.1312,0.02261
122557,8,1.1511,0.02637
122557,8.5,1.1673,0.02992
122557,9,1.185,0.03338
122557,9.5,1.2185,0.03729
122557,10,1.2701,0.04261
143816,-7,-0.3676,0.07844
143816,-6.5,-0.3552,0.073
143816,-6,-0.3258,0.06251
143816,-5.5,-0.2538,0.05226
143816,-5,-0.1889,0.04524
143816,-4.5,-0.1184,0.03842
143816,-4,-0.0352,0.02521
143816,-3.5,0.0225,0.02145
143816,-3,0.0756,0.01796
143816,-2.5,0.1287,0.01621
143816,-2,0.1816,0.01478
143816,-1.5,0.2302,0.01211
143816,-1,0.2801,0.01124
143816,-0.5,0.3357,0.01156
143816,0,0.3911,0.0119
143816,0.5,0.4465,0.01227
143816,1,0.5018,0.01266
143816,1.5,0.5572,0.01308
143816,2,0.6124,0.01352
143816,2.5,0.6676,0.01399
143816,3,0.7226,0.01447
143816,3.5,0.7774,0.01497
143816,4,0.8319,0.01545
143816,4.5,0.8856,0.0156
143816,5,0.9388,0.0156
143816,5.5,0.9919,0.01584
143816,6,1.0453,0.01595
143816,6.5,1.0941,0.01547
143816,7,1.1303,0.01605
143816,7.5,1.1287,0.02252
143816,8,1.1554,0.02552
143816,8.5,1.1751,0.02875
143816,9,1.1894,0.03258
143816,9.5,1.2294,0.03724
143816,10,1.2772,0.04197
168763,-7,-0.3644,0.07878
168763,-6.5,-0.3562,0.0719
168763,-6,-0.3081,0.05866
168763,-5.5,-0.2285,0.04755
168763,-5,-0.1662,0.04052
168763,-4,-0.0418,0.02372
168763,-3.5,0.0129,0.01926
168763,-3,0.0666,0.01735
168763,-2.5,0.1203,0.01522
168763,-2,0.1738,0.01394
168763,-1.5,0.2276,0.0117
168763,-1,0.2742,0.01027
168763,-0.5,0.3303,0.01053
168763,0,0.3863,0.01082
168763,0.5,0.4423,0.01114
168763,1,0.4983,0.01147
168763,1.5,0.5543,0.01183
168763,2,0.6101,0.0122
168763,2.5,0.6659,0.01259
168763,3,0.7214,0.013
168763,3.5,0.7768,0.01341
168763,4,0.8319,0.01382
168763,4.5,0.8855,0.01387
168763,5,0.9396,0.014
168763,5.5,0.9932,0.01425
168763,6,1.0465,0.01443
168763,6.5,1.0936,0.01406
168763,7,1.1179,0.01685
168763,7.5,1.1307,0.02199
168763,8,1.1546,0.02524
168763,8.5,1.1773,0.02826
168763,9,1.1984,0.03161
168763,9.5,1.2337,0.03557
168763,10,1.2797,0.04101
198036,-7,-0.3552,0.07556
198036,-6.5,-0.3542,0.06592
198036,-6,-0.2949,0.05829
198036,-5.5,-0.2166,0.04436
198036,-5,-0.1579,0.03715
198036,-4.5,-0.1132,0.03295
198036,-3.5,0.0055,0.01929
198036,-3,0.059,0.01616
198036,-2.5,0.1135,0.01452
198036,-2,0.1686,0.01323
198036,-1.5,0.2244,0.01145
198036,-1,0.2622,0.00959
198036,-0.5,0.3263,0.00967
198036,0,0.3828,0.00992
198036,0.5,0.4393,0.01019
198036,1,0.4958,0.01048
198036,1.5,0.5522,0.01078
198036,2,0.6084,0.0111
198036,2.5,0.6646,0.01143
198036,3,0.7205,0.01178
198036,3.5,0.7763,0.01214
198036,4,0.8317,0.01245
198036,4.5,0.8855,0.01248
198036,5,0.9401,0.0127
198036,5.5,0.9941,0.01295
198036,6,1.0471,0.0131
198036,6.5,1.0934,0.01315
198036,7,1.1046,0.01818
198036,7.5,1.1327,0.02154
198036,8,1.164,0.02404
198036,8.5,1.1873,0.02701
198036,9,1.2075,0.03025
198036,9.5,1.2378,0.03394
198036,10,1.2818,0.03886
232388,-7,-0.3659,0.07634
232388,-6.5,-0.3535,0.06919
232388,-6,-0.2313,0.04101
232388,-5.5,-0.1982,0.03514
232388,-5,-0.1573,0.02523
232388,-4.5,-0.1142,0.02024
232388,-4,-0.0562,0.02288
232388,-3.5,-0.0017,0.01764
232388,-3,0.0537,0.01565
232388,-2.5,0.1089,0.01363
232388,-2,0.1647,0.01266
232388,-1.5,0.2214,0.01132
232388,-1,0.2677,0.00924
232388,-0.5,0.3234,0.00892
232388,0,0.3804,0.00914
232388,0.5,0.4372,0.00938
232388,1,0.494,0.00963
232388,1.5,0.5507,0.00989
232388,2,0.6073,0.01016
232388,2.5,0.6637,0.01045
232388,3,0.72,0.01076
232388,3.5,0.776,0.01107
232388,4,0.8314,0.01129
232388,4.5,0.8858,0.01138
232388,5,0.9406,0.01163
232388,5.5,0.9949,0.01188
232388,6,1.047,0.01197
232388,6.5,1.0916,0.01268
232388,7,1.0998,0.01863
232388,7.5,1.1381,0.02074
232388,8,1.1664,0.02357
232388,8.5,1.185,0.02714
232388,9,1.2107,0.03088
232388,9.5,1.2497,0.0347
232388,10,1.2853,0.03942
272698,-4,-0.0632,0.02177
272698,-3.5,-0.006,0.01634
272698,-3,0.0498,0.01437
272698,-2.5,0.1057,0.01329
272698,-2,0.1617,0.01187
272698,-1.5,0.2188,0.01103
272698,-1,0.2716,0.00903
272698,-0.5,0.3214,0.00827
272698,0,0.3787,0.00846
272698,0.5,0.4358,0.00867
272698,1,0.4929,0.00888
272698,1.5,0.5498,0.00911
272698,2,0.6066,0.00935
272698,2.5,0.6633,0.00961
272698,3,0.7197,0.00988
272698,3.5,0.776,0.01016
272698,4,0.8311,0.01032
272698,4.5,0.8862,0.01048
272698,5,0.9412,0.01073
272698,5.5,0.9958,0.01098
272698,6,1.047,0.01115
272698,6.5,1.0846,0.01313
272698,7,1.103,0.01815
272698,7.5,1.1396,0.02045
272698,8,1.1717,0.02288
272698,8.5,1.197,0.02577
272698,9,1.2211,0.02899
272698,9.5,1.2487,0.03212
272698,10,1.2789,0.03573
320000,-7,-0.366,0.07465
320000,-6.5,-0.3036,0.06123
320000,-6,-0.257,0.04463
320000,-5.5,-0.2213,0.03958
320000,-5,-0.1757,0.03357
320000,-4,-0.0651,0.01952
320000,-3.5,-0.0089,0.0164
320000,-3,0.0473,0.01384
320000,-2.5,0.1029,0.01241
320000,-2,0.1596,0.01134
320000,-1,0.2724,0.00883
320000,-0.5,0.3202,0.00768
320000,0,0.3776,0.00785
320000,0.5,0.435,0.00803
320000,1,0.4922,0.00822
320000,1.5,0.5493,0.00842
320000,2,0.6063,0.00864
320000,2.5,0.6631,0.00888
320000,3,0.7197,0.00912
320000,3.5,0.7761,0.00937
320000,4,0.8312,0.00951
320000,4.5,0.8868,0.0097
320000,5,0.942,0.00996
320000,5.5,0.9968,0.01021
320000,6,1.0471,0.01059
320000,6.5,1.0775,0.01394
320000,7,1.1059,0.01772
320000,7.5,1.1466,0.01953
320000,8,1.1803,0.02184
320000,8.5,1.2074,0.02455
320000,9,1.2309,0.02745
320000,9.5,1.2519,0.03138
320000,10,1.2851,0.03513
