label,pitch_in,blades,rpm,Re_75,sigma,sigma_over_8,profile_integral,CT_rotor,CP_rotor,CT_over_sigma,FM_measured,cd0_all_profile,cd0_upper_bound,cd0_kappa_typical,solver_profile_share,cd_eff_solver,kappa_solver,cd0_zero_lift_nf,cd0_zero_lift_xf,kappa_implied_nf,kappa_implied_xf,profile_share_implied_nf
DA4002 9x2.85 2b,2.85,2,3216.667,41118.70853844726,0.07774827004414459,0.009718533755518073,0.013035650437570006,0.01017484308912351,0.0013551917854763699,0.1308690609237524,0.5355201570815652,0.1039604269818847,0.04828752279427922,0.039936587166138404,0.4229309461912264,0.04494156625783773,1.2402748953189053,0.02667214713024899,0.026937928362298257,1.3882566569760966,1.3834826787558543,0.25656057698663226
DA4002 9x2.85 2b,2.85,2,3523.333,45047.401404790246,0.07774827004414459,0.009718533755518073,0.013035650437570006,0.010140269444211121,0.001330348108420034,0.13042437392437917,0.5427426469475892,0.10205460132513543,0.04666521686875048,0.03835680920029274,0.38876434950077804,0.041105268956789814,1.2396063331356943,0.025106197994007737,0.025484519165511522,1.3892265474031196,1.3823963366106224,0.24600750645257025
DA4002 9x2.85 2b,2.85,2,3700.0,47308.7918079429,0.07774827004414459,0.009718533755518073,0.013035650437570006,0.010332617595570722,0.0013447615475056108,0.13289836017835482,0.5522748354532042,0.10316029521855526,0.04618746015142369,0.03764153489135396,0.3718782602107222,0.03910915709529179,1.2385689781898623,0.02420482380442455,0.024647923961639867,1.3858441715441545,1.3780667780426161,0.23463313819667
DA4002 9x2.85 2b,2.85,2,3946.667,50464.53684030074,0.07774827004414459,0.009718533755518073,0.013035650437570006,0.010377769743777202,0.0013396696203072875,0.13347910812529748,0.558011743731016,0.10276967971204796,0.045422991533250065,0.03682098830643039,0.3510057536391895,0.036572592708229594,1.2371221094755798,0.023005440280929573,0.02352266520209731,1.3909127442970397,1.3818934802803435,0.22385435417711613
DA4002 9x2.85 2b,2.85,2,4213.333,53874.61315413034,0.07774827004414459,0.009718533755518073,0.013035650437570006,0.010322168098414365,0.001323449368344886,0.1327639585106338,0.5603173393854171,0.10152538031631908,0.04463894933738658,0.03610598469054671,0.3310569453086256,0.034121569671715965,1.23559896267232,0.02207545511813406,0.02257090257912768,1.3966410588776215,1.3879316451832187,0.21743779781325945
DA4002 9x2.85 2b,2.85,2,4466.667,57113.88056948254,0.07774827004414459,0.009718533755518073,0.013035650437570006,0.010523675685552994,0.00133112832307139,0.1353557536338464,0.5734773391284085,0.1021144537011325,0.043554128506055965,0.034770079726794495,0.3142854755344265,0.032054876614646455,1.2343487751213356,0.021192052414685043,0.0216668132368357,1.3818639329081288,1.3737567234524244,0.20753234871832854
DA4002 9x2.85 2b,2.85,2,4723.333,60395.52803778361,0.07774827004414459,0.009718533755518073,0.013035650437570006,0.01055760429977672,0.001328951934833397,0.1357921442339776,0.5771966465546683,0.10194749707335117,0.04310374363797101,0.034277180622663994,0.29850025393235785,0.030149481847094622,1.23347188710007,0.020333255718421157,0.02077953118201586,1.3869652527273857,1.3793811773151197,0.19944830723790494
DA4002 9x2.85 2b,2.85,2,4960.0,63421.48501706745,0.07774827004414459,0.009718533755518073,0.013035650437570006,0.010583921551874213,0.001327678953033816,0.13613063732305275,0.579911671753701,0.10184984319672434,0.04278593036065962,0.033926343435249924,0.2857288462201947,0.02861935336541127,1.233012332344723,0.019784694439301878,0.020154052571708016,1.3894295995119557,1.3831760664378547,0.19425355816294654
DA4002 9x2.85 2b,2.85,2,5203.333,66532.66628281632,0.07774827004414459,0.009718533755518073,0.013035650437570006,0.01060727166280385,0.001328130656253022,0.13643096697561452,0.5816339366620477,0.10188449457230159,0.04262501490939079,0.033736092959954174,0.2718191232386144,0.027045317204878048,1.2335561225426914,0.019220683256593304,0.019510957726725467,1.3949466277113758,1.3900482642464358,0.18865170149078464
DA4002 9x2.85 2b,2.85,2,5440.0,69558.67147707293,0.07774827004414459,0.009718533755518073,0.013035650437570006,0.010778978832126203,0.001344268780357386,0.13863946845384498,0.5886610736004634,0.10312249371792552,0.04241829585357444,0.033312666173921784,0.26080196526151717,0.025765892020995378,1.2333843019258035,0.01867211323681204,0.018885469150170787,1.391178591467848,1.3876639100971213,0.18106731677655613
DA4002 9x2.85 2b,2.85,2,5700.0,72883.00066194024,0.07774827004414459,0.009718533755518073,0.013035650437570006,0.010852899349047094,0.001351249648290571,0.13959023580698246,0.591654362720818,0.10365801497684679,0.0423282981848155,0.03312884066601081,0.24880020421742632,0.02442531604238555,1.2337161738654232,0.018158477776043087,0.01839985365305507,1.3940963968695979,1.3901606885435593,0.17517678473872947
DA4002 9x2.85 2b,2.85,2,5940.0,75951.60851644805,0.07774827004414459,0.009718533755518073,0.013035650437570006,0.01088218374231244,0.001353631356173658,0.139966892332571,0.5930054407621358,0.10384072222989053,0.04226260897489579,0.03302589198664658,0.23844316381375305,0.023278532656033576,1.2341326072021288,0.017696931669787565,0.017980071865709487,1.3989352061402376,1.3943371406758178,0.1704238114851392
DA4002 9x2.85 2b,2.85,2,6200.0,79275.91328537179,0.07774827004414459,0.009718533755518073,0.013035650437570006,0.011088335550409452,0.0013762575810629825,0.14261842153032628,0.5999082269221565,0.10557644113380603,0.04224026552847303,0.03273983918767308,0.22925443518354105,0.022260385826391876,1.2347466782063674,0.017196926457375205,0.01752531105437601,1.3954033983224767,1.3902186110526065,0.16288602147121128
DA4002 9x2.85 2b,2.85,2,6436.667,82301.84105481156,0.07774827004414459,0.009718533755518073,0.013035650437570006,0.01127681351763707,0.001399622956674644,0.14504262938884974,0.6049974483445605,0.1073688622886661,0.0424109745723646,0.032667291414919385,0.2187681146250543,0.021171922403130185,1.2365996607837302,0.016788452088801226,0.017121488215244143,1.3944482092069828,1.3893212548346754,0.1563623915811337
DA4002 9x4.76 2b,4.76,2,3230.0,41405.89074996495,0.07668020214992989,0.009585025268741236,0.012523685279439431,0.013634916709254884,0.0020913859049242933,0.17781534642534,0.538306420097711,0.1669944475814794,0.07710026432769837,0.06361613683963123,0.4155777351060913,0.07670571696112166,1.3089018567343012,0.026557678335825615,0.026831686087431427,1.5622453440528576,1.5591972296845202,0.1590333015285893
DA4002 9x4.76 2b,4.76,2,3550.0,45587.55988597607,0.07668020214992989,0.009585025268741236,0.012523685279439431,0.013903894506427768,0.002093644421020324,0.18132313317643595,0.5537156188025769,0.16717478715770132,0.07460749643848565,0.060722402830603296,0.3719291192386491,0.0681581387577575,1.3078682794333505,0.024890894651185293,0.025284689010549928,1.5370860635654304,1.5328319219965785,0.1488914391600506
DA4002 9x4.76 2b,4.76,2,3683.333,47310.49563637958,0.07668020214992989,0.009585025268741236,0.012523685279439431,0.014053799638473278,0.0021238264088490957,0.18327807236337768,0.554698027881042,0.16958477967630306,0.07551643683121673,0.061406185404453785,0.3548194084752696,0.06480080844909288,1.3066303439246867,0.024204144670483697,0.024647293634962812,1.545478857273325,1.5407679316731056,0.14272592573864026
DA4002 9x4.76 2b,4.76,2,3970.0,51002.37828149403,0.07668020214992989,0.009585025268741236,0.012523685279439431,0.01405431566302421,0.0020816537537468524,0.18328480193028623,0.5659669404218178,0.16621734795303228,0.0721438240870259,0.05803279550712495,0.3214727632312729,0.05829223605407496,1.3035143661195767,0.022858761874285764,0.023372552027580984,1.523899394721721,1.5184378139051353,0.1375233220586874
DA4002 9x4.76 2b,4.76,2,4220.0,54217.51654566554,0.07668020214992989,0.009585025268741236,0.012523685279439431,0.014153779395216198,0.0020688007439639876,0.18458192595191455,0.5755392836144602,0.1651910518192604,0.0701171121956841,0.05585602125214767,0.2961229288566924,0.05338805227517983,1.300641529821835,0.021981939596177346,0.02247519720443294,1.5062919743316312,1.5011038269780186,0.1330697961789621
DA4002 9x4.76 2b,4.76,2,4456.667,57260.26370025191,0.07668020214992989,0.009585025268741236,0.012523685279439431,0.014228344942825755,0.002072332241859599,0.185554348370204,0.5791048422530342,0.1654730373384437,0.06964680015343383,0.05527286457568236,0.27554642242361516,0.04944483891005347,1.2981302100628576,0.02115213127299476,0.021625957261872754,1.5060688002056404,1.50112416288295,0.1278282650346962
DA4002 9x4.76 2b,4.76,2,4703.333,60431.08661941243,0.07668020214992989,0.009585025268741236,0.012523685279439431,0.014318649239238713,0.002068143721099688,0.18673202257920501,0.5858107836683143,0.16513858939708675,0.06839862292849938,0.05388762795821128,0.2578232687242026,0.046066210604400935,1.2960763681929943,0.02032680947309926,0.020772181066870808,1.496917822180656,1.4923140207733425,0.12308939750128355
DA4002 9x4.76 2b,4.76,2,4936.667,63430.00925867475,0.07668020214992989,0.009585025268741236,0.012523685279439431,0.014481325978919773,0.002076438634761473,0.18885351854713406,0.593442158882815,0.16580092747702901,0.06740766713028787,0.05264867807827671,0.24256701006744805,0.04321913231407421,1.2941329495589002,0.01978314912027995,0.02015229057349358,1.4840221560112707,1.48027046151601,0.11931868790674177
DA4002 9x4.76 2b,4.76,2,5193.333,66728.77706791085,0.07668020214992989,0.009585025268741236,0.012523685279439431,0.014559890716799046,0.0020840354616299393,0.18987809510896494,0.5960971844121656,0.16640752423341176,0.06721246757287577,0.05233320907379539,0.231897098388444,0.04117574893348425,1.2930461305816254,0.01918513126961628,0.019470420765305634,1.4841706625322875,1.4812946170387538,0.11529004687736491
DA4002 9x4.76 2b,4.76,2,5423.333,69684.61171484244,0.07668020214992989,0.009585025268741236,0.012523685279439431,0.014789392635825694,0.002114217449458711,0.19287106999155473,0.6015349391660416,0.16881751675201348,0.06726788208242884,0.05203543688199116,0.2175342882332581,0.03857905144748213,1.2905182867444611,0.018649282133000454,0.01885943674936628,1.47876686221098,1.4766973853778076,0.1104700654991599
DA4002 9x4.76 2b,4.76,2,5670.0,72854.6136339901,0.07668020214992989,0.009585025268741236,0.012523685279439431,0.014923559019067804,0.002129739614627794,0.19462075738778487,0.6052950247211549,0.17005694147586584,0.06712232088122763,0.05168212779203192,0.2038513309540745,0.03609868446414982,1.28805535386426,0.018162747439304006,0.018403736963629548,1.475637576153595,1.4732963859599226,0.10680391686264468
DA4002 9x4.76 2b,4.76,2,5923.333,76110.09713502327,0.07668020214992989,0.009585025268741236,0.012523685279439431,0.014995286431647239,0.0021391021904440663,0.1955561671880771,0.6069957055310319,0.1708045309918403,0.06712691419455119,0.05157527167495784,0.19646633929220492,0.03472344755432234,1.287346870174329,0.017673093562001408,0.01795839081725564,1.476996117004137,1.4742443441136388,0.10346969989247938
DA4002 9x6.75 2b,6.75,2,3280.0,41480.84094410755,0.07650344260111777,0.009562930325139721,0.012744210998496755,0.016882130202127144,0.0034264974291105007,0.22067151004104596,0.45266348218343727,0.26886697258187847,0.1471607125288466,0.12890477352089183,0.4440703034332876,0.10068748912565027,1.3548891725161332,0.026527803719567318,0.02680395846779462,1.9911808049702222,1.9889117783145105,0.09866516316535966
DA4002 9x6.75 2b,6.75,2,3526.667,44661.968496773625,0.07650344260111777,0.009562930325139721,0.012744210998496755,0.017152011042264156,0.0034264974291105007,0.22419920540952953,0.4635612905588068,0.26886697258187847,0.14423065178318356,0.12553520366337934,0.40045908161800864,0.09031498902046921,1.3578569123165023,0.025259828819811998,0.025627109017229064,1.9545437654207243,1.9515969502783688,0.09394916964789933
DA4002 9x6.75 2b,6.75,2,3743.333,47504.40713536441,0.07650344260111777,0.009562930325139721,0.012744210998496755,0.01732694336502983,0.0034154512322044604,0.22648579953938794,0.4721933291544535,0.26800021065308244,0.1414522989707086,0.12247011221835254,0.3699325694217709,0.08310560375881963,1.3578535308665896,0.02412685292112249,0.0245755566054786,1.9271227354906064,1.9235770137288573,0.09002549983945318
DA4002 9x6.75 2b,6.75,2,3940.0,50065.70484307214,0.07650344260111777,0.009562930325139721,0.012744210998496755,0.017407572201112827,0.0033872813768976067,0.22753972382490523,0.47944747472651755,0.26578980662648743,0.13835755503136862,0.1192427172921008,0.34722583878322316,0.0778425645686431,1.3570493306605547,0.023114208474288318,0.02363398041996122,1.9043499201696172,1.9002711101418048,0.08696423977903169
DA4002 9x6.75 2b,6.75,2,4213.333,53561.326299783104,0.07650344260111777,0.009562930325139721,0.012744210998496755,0.017585987689597286,0.003250949132555399,0.22987184748389797,0.5072534099642902,0.2550922244569605,0.12569582374579116,0.1062863636391158,0.3172872400785075,0.07088426295887282,1.3531557181130824,0.02216089371229696,0.02265834188863116,1.8001376349300358,1.7962932607928865,0.08687404627668678
DA4002 9x6.75 2b,6.75,2,4443.333,56491.03438348226,0.07650344260111777,0.009562930325139721,0.012744210998496755,0.017462786828062467,0.003202986463461513,0.22826145117562752,0.5094484294238729,0.2513287377178016,0.12328970701838307,0.1040838524134703,0.29436638992120373,0.065613383788237,1.3491311074954815,0.021361913044881185,0.021840651492973883,1.7960681474759461,1.7923291434747632,0.08499590313013426
DA4002 9x6.75 2b,6.75,2,4676.667,59459.47606469982,0.07650344260111777,0.009562930325139721,0.012744210998496755,0.017818069731378592,0.0032478282739499746,0.23290546314733107,0.517824894378383,0.25484734004585086,0.12288104310399629,0.10308609856271811,0.28713363399046193,0.0637302796992657,1.348261135716093,0.02055236907398516,0.021012150432985825,1.775415211317917,1.7719311296269438,0.0806458057215252
DA4002 9x6.75 2b,6.75,2,4930.0,62681.95759377076,0.07650344260111777,0.009562930325139721,0.012744210998496755,0.017814973584073003,0.0032332916430773415,0.23286499245476716,0.5200174250599472,0.2537066942362085,0.12177479237902401,0.10198500710044635,0.26610543053797797,0.05890184905813579,1.3433574112250852,0.019918759831521506,0.020306916141208477,1.7720348991691264,1.7690928032528017,0.07851097461770776
DA4002 9x6.75 2b,6.75,2,5186.667,65946.82637829347,0.07650344260111777,0.009562930325139721,0.012744210998496755,0.017899214592012522,0.0032451180546347377,0.2339661325482757,0.5218016687480315,0.2546346772677819,0.12176587774833687,0.10183555782042013,0.2609649337036087,0.057508235064474965,1.3424693828540653,0.019326887373037893,0.01963205341045543,1.7709785197563048,1.7686817726003041,0.07590045307424144
DA4002 9x6.75 2b,6.75,2,5430.0,69041.84038330903,0.07650344260111777,0.009562930325139721,0.012744210998496755,0.017934820286026776,0.003250743812910305,0.23443154551276016,0.522453690612488,0.25507611364044014,0.12181065668190177,0.10182083813812104,0.24215976054798224,0.05324320826462474,1.3377068897154882,0.01876580707576108,0.01899230040934085,1.773230002416906,1.7715304372126217,0.07356944093249633
DA4002 9x6.75 2b,6.75,2,5710.0,72603.2707670165,0.07650344260111777,0.009562930325139721,0.012744210998496755,0.018011449931840055,0.0032684834302463993,0.2354331951537158,0.5229518784222992,0.2564680881878002,0.12234761971461422,0.10222954944363633,0.2380936891967137,0.052132947578300476,1.3369992857720459,0.018200551657727142,0.018438120359272545,1.7765188210456382,1.7747475127267078,0.07096614548161519
DA4002 9x6.75 2b,6.75,2,5943.333,75570.84536460107,0.07650344260111777,0.009562930325139721,0.012744210998496755,0.018118912044571476,0.0032884404997495058,0.2368378654414533,0.5244368366393982,0.2580340595535804,0.1227114936160786,0.10241310872545333,0.23498346471554282,0.05128332022789091,1.336461255729362,0.01775420185824856,0.018032159797441414,1.7756081997905961,1.7735541599690248,0.06880565259084305
DA4002 9x8.95 2b,8.95,2,3220.0,40988.70245739175,0.07675979291091359,0.009594974113864198,0.012716124999176015,0.019071880384003655,0.005171755476335857,0.24846185301904383,0.36011174870576357,0.40670844904961057,0.2602479582489463,0.23827888462884675,0.6088409124711825,0.19382428465334675,1.3497823956323018,0.02672396663288282,0.026986023756942878,2.594450423724816,2.592661155351977,0.06570792098204731
DA4002 9x8.95 2b,8.95,2,3443.333,43831.74930430163,0.07675979291091359,0.009594974113864198,0.012716124999176015,0.01903898381888179,0.005102028924862041,0.24803328796077118,0.36408914657040115,0.4012251314919163,0.2551434157844275,0.23323115842830422,0.5865372446098186,0.18669661651939887,1.3715678594199032,0.02559074830666733,0.02593424634018576,2.571399037627762,2.5690476274471323,0.06378151889815736
DA4002 9x8.95 2b,8.95,2,3673.333,46759.62087448535,0.07675979291091359,0.009594974113864198,0.012716124999176015,0.01936214419390245,0.005091804006536375,0.2522433094155674,0.37414806097186,0.40042104075465723,0.2506042847839681,0.22813177138836477,0.5410380065172656,0.17229223076849318,1.4063686513002571,0.024423719446856677,0.02485108824870671,2.509714743665672,2.506862133494793,0.060995095065000296
DA4002 9x8.95 2b,8.95,2,3956.667,50366.29944561855,0.07675979291091359,0.009594974113864198,0.012716124999176015,0.0191975323621554,0.005000683148043797,0.25009880347691665,0.3761177045642033,0.3932552682808508,0.24534499946727725,0.22315845914524124,0.5362689409598663,0.17014578526899937,1.407466398943759,0.02303223127065482,0.023550083556360304,2.503024570098145,2.4995234454645456,0.05856814422688397
DA4002 9x8.95 2b,8.95,2,4176.667,53166.6607694464,0.07675979291091359,0.009594974113864198,0.012716124999176015,0.01938343020662836,0.005042321972068797,0.25252061621797905,0.3784429165390276,0.39652975827113457,0.2464658800564908,0.22395629832429426,0.5332302259082078,0.168621508630559,1.4065287542572908,0.022268525640060995,0.022768494232971843,2.4940127969753605,2.4906810918451243,0.05615852322698686
DA4002 9x8.95 2b,8.95,2,4446.667,56603.43120320466,0.07675979291091359,0.009594974113864198,0.012716124999176015,0.01931428291680358,0.00496516284944259,0.25161978927196277,0.3822692706745657,0.39046194102089465,0.241200339600662,0.2188110993876271,0.49871118538331544,0.15731617469034243,1.4188990332215528,0.021331260541808655,0.021809281200315448,2.473045156736806,2.4698425871947514,0.054630831588954175
DA4002 9x8.95 2b,8.95,2,4696.667,59785.60161619845,0.07675979291091359,0.009594974113864198,0.012716124999176015,0.01938510728641889,0.004915270175684824,0.25254246463271457,0.3882754404858403,0.3865383657366789,0.23645501151559303,0.21394250838243017,0.49626198537592087,0.15612172188170673,1.4185465160104238,0.020463429151182776,0.020921127804239086,2.4391441574942143,2.4360945278038884,0.05294022784047019
DA4002 9x8.95 2b,8.95,2,4936.667,62840.546980800995,0.07675979291091359,0.009594974113864198,0.012716124999176015,0.01941877788836715,0.004930997660499,0.2529811135747113,0.38804585354838467,0.38777518000322586,0.23730062929399556,0.21472944668761104,0.49395978183399564,0.15493300874417443,1.418334759404782,0.019890009919477272,0.020274135017719828,2.4448331518505877,2.442280393949454,0.05129263280675109
DA4002 9x8.95 2b,8.95,2,5180.0,65937.93610743342,0.07675979291091359,0.009594974113864198,0.012716124999176015,0.019534754406188935,0.004966928598390395,0.25449201548603334,0.38869505778372715,0.39060080006387515,0.23877619951267715,0.21600250942999746,0.4631641133334562,0.14481974917781673,1.423463275121706,0.019328499047753724,0.019633891068525547,2.4454027849783255,2.443391305813137,0.04948402318836245
DA4022 9x6.75 3b,6.75,3,2537.778,41666.60312327477,0.1484495859423712,0.0185561982427964,0.024725054705854205,0.025782392650450608,0.0047420214591547705,0.17367776734964724,0.6173142672949635,0.19179013011574822,0.07339534646893939,0.05563612892191808,0.3509080748268965,0.07676806226542614,1.290606601190834,0.026453760231336082,0.026735236256921438,1.3964835678710121,1.3941061318310506,0.1379307695102498
DA4022 9x6.75 3b,6.75,3,2793.333,46069.25642014069,0.1484495859423712,0.0185561982427964,0.024725054705854205,0.02539434218815035,0.004640347170904377,0.171063745492753,0.616651765789561,0.18767793342053443,0.0719460043770262,0.05458621502049996,0.30680599290293703,0.06716455894236782,1.2877167719649893,0.02469889382616085,0.025106486693231383,1.4082461161872042,1.404724245684922,0.13160254578686909
DA4022 9x6.75 3b,6.75,3,2986.667,49282.96130552846,0.1484495859423712,0.0185561982427964,0.024725054705854205,0.025668867249245747,0.0046552944410671974,0.1729130269127899,0.6246660504002663,0.18828247283776295,0.07066880417060213,0.053026753870528014,0.2763506626588938,0.060499638927116656,1.2835230266881723,0.023417933832438627,0.023917585347392946,1.4017464200685759,1.397498176470561,0.12437660011304993
DA4022 9x6.75 3b,6.75,3,3204.445,52887.84987852284,0.1484495859423712,0.0185561982427964,0.024725054705854205,0.02578342469955247,0.0046426467509294266,0.17368471953543685,0.6305655865564892,0.18777093948472345,0.06936904689027576,0.05160876300110862,0.24759394362550927,0.05420968584629986,1.2784432037619917,0.022344562059167853,0.022846311196710083,1.3971599085174848,1.3929222301616089,0.11899904277246133
DA4022 9x6.75 3b,6.75,3,3440.0,56781.19790864532,0.1484495859423712,0.0185561982427964,0.024725054705854205,0.025917075058243647,0.004640593554478489,0.17458502759519162,0.6357559734335091,0.18768789835598326,0.06836419583498561,0.05046564045683597,0.22123506499564752,0.04845120851970718,1.2731295226053614,0.021282780571484118,0.021759665974650053,1.3945688431451115,1.3905722742062456,0.11339452760623685
DA4022 9x6.75 3b,6.75,3,3697.778,61039.73489735895,0.1484495859423712,0.0185561982427964,0.024725054705854205,0.025983771231451507,0.004629957996862636,0.17503431260184535,0.6396777236338745,0.1872577453091091,0.06747313705696635,0.04950544581914495,0.198456869854203,0.04347706021880432,1.2684254237207155,0.020216470535642486,0.02064637079208417,1.394513679268793,1.3909247352240224,0.10796066406903948
DA4022 9x6.75 3b,6.75,3,3884.444,64122.766564008314,0.1484495859423712,0.0185561982427964,0.024725054705854205,0.025903916432194904,0.004600227712253071,0.1744963872263741,0.6408462064419187,0.1860553097649513,0.0668224703137062,0.04893754439601944,0.18636632109422804,0.04083076086769924,1.26635504963286,0.019657562459222084,0.020009094592986547,1.3955697781882488,1.3926214953545735,0.10565440182307086
DA4022 9x6.75 3b,6.75,3,4108.889,67829.56192928593,0.1484495859423712,0.0185561982427964,0.024725054705854205,0.026200114524429406,0.004636199714073484,0.1764916645479928,0.646811377877169,0.18751019034047925,0.06622646576034363,0.04803390707332329,0.17103373814820028,0.037506715019074405,1.2636027592061378,0.018985575242969142,0.01924288369519707,1.3895072540105007,1.3873857125331206,0.10125089846314653
DA4022 9x6.75 3b,6.75,3,4335.556,71572.80596174757,0.1484495859423712,0.0185561982427964,0.024725054705854205,0.026080138816337906,0.00460807092269565,0.17568347294995038,0.6462948503616082,0.18637252687673878,0.06592092250742211,0.047853181852024605,0.15773042324121725,0.03460164682662285,1.2609837087736098,0.01835554279411707,0.018579086679591728,1.3948920395237312,1.3930361581791435,0.09848845804541179
DA4022 9x6.75 3b,6.75,3,4564.444,75352.34306333124,0.1484495859423712,0.0185561982427964,0.024725054705854205,0.026246298721737747,0.004633119919397079,0.17680277486207793,0.6489534746566387,0.187385628647369,0.06578107383594031,0.047540390614226026,0.15071620067572272,0.03300331168358032,1.2602121658035585,0.017787066561443143,0.018062050644012582,1.3946727764344118,1.3924114788786102,0.09492225572386703
DA4022 9x6.75 3b,6.75,3,4784.445,78985.06309494413,0.1484495859423712,0.0185561982427964,0.024725054705854205,0.026413877694652654,0.004655664016428366,0.17793163602966625,0.652006033838808,0.18829742024093618,0.06552636608756411,0.047110707964558296,0.13957214702507142,0.030584219657081343,1.2581875152949744,0.017240672931105424,0.017565099003366683,1.3932986768700188,1.3906561478594268,0.09156085574112009
DA4022 9x6.75 3b,6.75,3,5004.444,82617.33725353637,0.1484495859423712,0.0185561982427964,0.024725054705854205,0.026479799831034115,0.004663630418658001,0.17837570689697776,0.6533304839651679,0.1886196198204481,0.06538867231782876,0.04690403019243587,0.13481995563647223,0.029470826176427677,1.25763685684269,0.01674739291372615,0.017079715845578793,1.3947164278929909,1.3920196789140415,0.08878924117050194
DA4022 9x6.75 3b,6.75,3,5193.333,85735.96566605043,0.1484495859423712,0.0185561982427964,0.024725054705854205,0.026728910682996144,0.004706665416269637,0.18005379074194539,0.6565133551949932,0.19036016187884228,0.06538617330830149,0.04664007502272038,0.12564908097770708,0.02750764663416756,1.2562811723653842,0.016341529671946783,0.016666802791719698,1.3924388122466922,1.3898360856834016,0.08584532346819293
DA4022 9x6.75 3b,6.75,3,5460.0,90138.36999199176,0.1484495859423712,0.0185561982427964,0.024725054705854205,0.026729426707547077,0.004703790941238326,0.18005726683484022,0.6569335724257263,0.19024390429860605,0.06526629661550479,0.04651965546303963,0.11136389579071104,0.02451086946379737,1.2559051696430983,0.015771244852509973,0.01608395773486373,1.3960313585814241,1.393529207290877,0.08290013238876497
DA4022 9x6.75 4b,6.75,4,2453.333,40507.7413565509,0.19793278125649494,0.024741597657061867,0.03296673960780561,0.03088935862487888,0.006140535689745909,0.15605984227974,0.6251612898785527,0.1862645734093765,0.06981917243809233,0.05235236229239972,0.3255034205748446,0.06972679523798664,1.2478578838553738,0.026915674319395982,0.027163954002711738,1.3684430450737723,1.3663108897353493,0.14450238081634612
DA4022 9x6.75 4b,6.75,4,2726.667,45123.28771573024,0.19793278125649494,0.024741597657061867,0.03296673960780561,0.03063470050899434,0.006048839936247067,0.1547732533970499,0.6268063220512629,0.1834831108022241,0.06847473696175768,0.051223480885687726,0.2817365901108652,0.06057475331995117,1.2433226119027245,0.02507595024822769,0.025456445232022017,1.377353276672971,1.3740448655452548,0.13666625848335973
DA4022 9x6.75 4b,6.75,4,2976.667,49281.217268407054,0.19793278125649494,0.024741597657061867,0.03296673960780561,0.030890003655567544,0.006039682680075889,0.1560631011168289,0.6356203892951924,0.1832053382265882,0.06675628982204683,0.04928893256136562,0.2496469106519787,0.05373124255781896,1.2380249301672308,0.023418628993276278,0.02391823054916311,1.3721598537947386,1.3678695520470485,0.1278272195557541
DA4022 9x6.75 4b,6.75,4,3203.333,53042.1809458882,0.19793278125649494,0.024741597657061867,0.03296673960780561,0.031132922212918402,0.006049538023040387,0.1572903791645014,0.6420851433278376,0.18350428629005286,0.06567891032623173,0.04800510393165856,0.22454957383128554,0.048336440996734724,1.2328097148851243,0.022302473381496296,0.02280323692858134,1.3681417232061654,1.3638916748359504,0.12153652556237449
DA4022 9x6.75 4b,6.75,4,3436.667,56911.01813762753,0.19793278125649494,0.024741597657061867,0.03296673960780561,0.031204391613222374,0.006045144182635382,0.1576514583139494,0.6447656880744228,0.1833710052784249,0.06513967288718266,0.04740497302849633,0.20173348670312152,0.04343930339774444,1.2276821616027769,0.02124737641167264,0.021723432755718988,1.3712408173686559,1.3672143352643096,0.11587097087356463
DA4022 9x6.75 4b,6.75,4,3710.0,61441.107958193985,0.19793278125649494,0.024741597657061867,0.03296673960780561,0.031219098312923913,0.006012210911562355,0.15772575979957587,0.6487559108712635,0.18237202049968051,0.06405709422297753,0.046309855281472107,0.17959987500234365,0.03870554765676627,1.2229045372626093,0.02014370753168603,0.020563405215896263,1.3711567768600161,1.3676094840761057,0.11045393628087438
DA4022 9x6.75 4b,6.75,4,3938.333,65224.300817783376,0.19793278125649494,0.024741597657061867,0.03296673960780561,0.03157334916713817,0.006064156781771057,0.15951551312878917,0.6541774354139207,0.18394772591752545,0.06361327432657585,0.04556310658793341,0.16500769384307956,0.035557365851218894,1.2195960507560584,0.01945787057880825,0.019781402620174436,1.3669390034523459,1.3642503965148582,0.10577934835428385
DA4022 9x6.75 4b,6.75,4,4188.333,69365.77225922205,0.19793278125649494,0.024741597657061867,0.03296673960780561,0.03145672761862773,0.0060234624281134885,0.15892631538311955,0.6549514518491455,0.18271331953880265,0.06304496563468702,0.04509471254906969,0.15156217310426892,0.03265282624564475,1.2166067583563567,0.01870708301411219,0.01892534226652269,1.370506329986795,1.3686824622281946,0.10238488940670461
DA4022 9x6.75 4b,6.75,4,4456.667,73810.57266394999,0.19793278125649494,0.024741597657061867,0.03296673960780561,0.03161514715576361,0.006042392899391126,0.15972668577214869,0.6578378415252167,0.183287548944041,0.06271406336824556,0.04462804053187624,0.13902084316562546,0.029945680378445638,1.2140371248987731,0.01801896263885463,0.018272962941906244,1.3706876392927574,1.368581037647805,0.09830980196235777
DA4022 9x6.75 4b,6.75,4,4698.333,77813.3073269845,0.19793278125649494,0.024741597657061867,0.03296673960780561,0.03186348397089924,0.006080294905875421,0.16098133805136777,0.6614549157571503,0.1844372533714488,0.06244032548015694,0.04414078629646318,0.12893525788017,0.027783923768114602,1.212123076283159,0.017416915493800342,0.017725393753927267,1.3690536373708995,1.3665250633694148,0.09443274162581143
DA4022 9x6.75 4b,6.75,4,4938.333,81788.21732504171,0.19793278125649494,0.024741597657061867,0.03296673960780561,0.03194050063512572,0.006095324303896279,0.1613704431997801,0.6622176675629149,0.1848931491682324,0.06245363917768345,0.04408771267910112,0.11949330889245606,0.025775868042419128,1.2107284973045063,0.0168552958946175,0.01718949309262638,1.3724152709087587,1.3696857827065052,0.09116236037107593
DA4022 9x6.75 2b,6.75,2,2530.0,41347.9816351202,0.09896639062824747,0.012370798828530934,0.016483369803902807,0.019072654420830053,0.003296940733056384,0.1927185006925598,0.5649247104945545,0.20001618432875054,0.08702209930260567,0.07007298654868396,0.4048522988573677,0.09001478638952565,1.3694141010037013,0.026580760498635673,0.02685310940632056,1.5349071041195204,1.5324968106283003,0.13289304856924486
DA4022 9x6.75 2b,6.75,2,2686.667,43984.3912272896,0.09896639062824747,0.012370798828530934,0.016483369803902807,0.01902221302097653,0.003255384036889422,0.19220881857185884,0.569868083061379,0.19749505566019862,0.08494892687702088,0.06806700755954423,0.3712897149847562,0.082407552785574,1.3711173939248495,0.025529906317845814,0.025877776877635882,1.5279525933197307,1.5248616779452868,0.12926858463622226
DA4022 9x6.75 2b,6.75,2,2943.333,48353.14794101328,0.09896639062824747,0.012370798828530934,0.016483369803902807,0.018882886392225108,0.0031929668647809415,0.19080100094946237,0.5746364373504808,0.19370838018964637,0.08239648671253552,0.0656997026909689,0.3227256032044204,0.07142558362704682,1.3685360323973552,0.023788550850506386,0.024261567262308967,1.5265199794133477,1.5222705106726167,0.12280599748558466
DA4022 9x6.75 2b,6.75,2,3256.667,53546.522093726075,0.09896639062824747,0.012370798828530934,0.016483369803902807,0.018877855152853527,0.003154900602580572,0.1907501630908758,0.5813374420664925,0.1913990063993819,0.080131597605097,0.06344148628595425,0.27920754103448736,0.06169852752045294,1.3638927751307859,0.022164931068271713,0.02266247378736043,1.5209671651830778,1.516495570809845,0.11580483872534508
DA4022 9x6.75 2b,6.75,2,3493.333,57444.44702581131,0.09896639062824747,0.012370798828530934,0.016483369803902807,0.018732336229490932,0.003111208582104635,0.1892797757963728,0.5826983531164274,0.18874833356999532,0.07876499044528897,0.06226748897658303,0.2529576537117492,0.05587450958770624,1.3602181033894967,0.021101901382446588,0.02157455113810633,1.524289291674469,1.5199918249651345,0.1117991400682813
DA4022 9x6.75 2b,6.75,2,3710.0,61010.5303885979,0.09896639062824747,0.012370798828530934,0.016483369803902807,0.019026470223521712,0.003136586090238215,0.19225183522143208,0.5916503539440845,0.1902879160968383,0.07770400318686166,0.06081641625036516,0.2312898355808215,0.05106560108129918,1.3565974283015472,0.02022176488146157,0.020652407492433727,1.5105723972426108,1.506747316022379,0.10626930651324507
DA4022 9x6.75 2b,6.75,2,3950.0,64960.143493243144,0.09896639062824747,0.012370798828530934,0.016483369803902807,0.019296996094347388,0.003165536160196425,0.19498534777158524,0.5987868948286744,0.19204423596969314,0.07705066424365536,0.059801628484749715,0.21096158831901513,0.04655732472519049,1.3532163730819162,0.019505758397713333,0.019836005100443393,1.5004184580250952,1.4975465870346296,0.10156909057552538
DA4022 9x6.75 2b,6.75,2,4200.0,69074.02349751297,0.09896639062824747,0.012370798828530934,0.016483369803902807,0.01929054578746075,0.003147509095357199,0.19492017102980763,0.601914466537838,0.1909505843041849,0.076014665217643,0.05877427735466173,0.20406555971273702,0.04482867449706923,1.3525648856548518,0.018759972752796603,0.018985648018151724,1.4981444697173911,1.4961809820005079,0.09824517071344441
DA4022 9x6.75 2b,6.75,2,4450.0,73187.69174228451,0.09896639062824747,0.012370798828530934,0.016483369803902807,0.019374915801537995,0.0031555986893738903,0.19577268281225882,0.6043144388287989,0.1914413573750394,0.07575058092431894,0.058396964456710866,0.18631843290760422,0.040925057900085896,1.3499175786406112,0.018112649508499192,0.018358172287315462,1.4982067990560262,1.4960845660971969,0.09461199897896652
DA4022 9x6.75 2b,6.75,2,4693.333,77191.17431450004,0.09896639062824747,0.012370798828530934,0.016483369803902807,0.019464833079537756,0.003157200182605621,0.19668124659263878,0.6082174955462059,0.1915385154956654,0.07504143930025364,0.057566877870941884,0.1810720705550234,0.03961990902763957,1.3495917075464332,0.0175104898712052,0.017810500786278688,1.4938402860218247,1.4912650204025377,0.09142020248977792
DA4022 9x6.75 2b,6.75,2,4933.333,81139.52674701989,0.09896639062824747,0.012370798828530934,0.016483369803902807,0.01955720147415444,0.0031783070421212522,0.19761457753489425,0.6084840752302472,0.192819009700839,0.07549171289621193,0.057892618375517874,0.16599868562647097,0.036324708180394016,1.3471086104174466,0.01693971751402275,0.0172753811088151,1.49904836280077,1.4961874463394347,0.08785294323575733
DA4022 9x6.75 2b,6.75,2,5183.333,85252.13925541427,0.09896639062824747,0.012370798828530934,0.016483369803902807,0.019767481478658904,0.003206148385995956,0.19973933931684454,0.6129547213986993,0.1945080662594143,0.07528342869557526,0.05739973306099942,0.16196400865413307,0.0353141370128315,1.3467039347149274,0.016404495607449488,0.016730862440490876,1.493848706871505,1.4911112958823827,0.08433838206776939
DA4022 9x6.75 2b,6.75,2,5463.333,89857.93331696061,0.09896639062824747,0.012370798828530934,0.016483369803902807,0.019853915590939877,0.0032242165147642007,0.20061270765666456,0.6135218873036501,0.1956042091587847,0.07559674559114919,0.05759562605600388,0.15735060164387807,0.0341732280412409,1.3460933178341663,0.015805090272307164,0.01612104548257184,1.4982328060382994,1.4956000097032063,0.080801381219139
DA4022 9x6.75 2b,6.75,2,5710.0,93915.34481251249,0.09896639062824747,0.012370798828530934,0.016483369803902807,0.019977890489301094,0.003244789543202588,0.2018654046336303,0.6153509999759519,0.19685231732374964,0.0757190470109969,0.057549056464083995,0.14218827770428144,0.03097604653725727,1.3453931120841949,0.01535206704517514,0.015585042838451867,1.498351772473086,1.496428471032654,0.07798773849294666
DA4022 9x6.75 2b,6.75,2,5940.0,97698.44527093742,0.09896639062824747,0.012370798828530934,0.016483369803902807,0.020213068678387985,0.0032844162347056695,0.20424174863884217,0.6186929815677915,0.19925635800077787,0.07597784777293734,0.057486071238761254,0.1395376262102567,0.030319950144100265,1.3451591126786693,0.014932209399719263,0.015085318783349346,1.4951847508571845,1.493942771347965,0.07493968849747304
