R,v_tip,c_over_R,rpm,dP_pct_at_11p7,solidity,thrust_N,aircraft_kg,power_W,induced_frac,FM,CT_sigma,tip_mach,Re_75,Re_min,Re_max,all_inside_envelope,alpha_min,alpha_max
0.3,70,0.12,2228,2.1932657097939106,0.05289514533659141,13.863599999999998,5.654775076096322,87.88532044804892,0.7977178278380687,0.7056973072427015,0.1544314172708154,0.20570085218924478,102490.77067327392,28765.999572961435,120299.71458259925,False,0.9470155349432949,18.684383663076925
0.3,70,0.16,2228,2.152291181787124,0.07052686044878854,13.863599999999998,5.654775076096322,85.6815462998279,0.8013912191883877,0.7238482023876243,0.11582356205742106,0.20570085218924478,136651.30604796283,38354.666097281915,160280.23235435292,False,-0.7525109217633521,16.523989731122455
0.3,70,0.2,2228,2.1985221781364523,0.08815857556098568,13.863599999999998,5.654775076096322,85.37329331168564,0.7968820774094584,0.7264617659789967,0.09265884980502609,0.20570085218924478,170814.0874251755,47943.332621602385,200213.7332731073,False,-1.4869812327258418,15.326909462347361
0.3,85,0.12,2706,2.754038052318299,0.05289514533659141,13.863599999999998,5.654775076096322,91.3317836354227,0.7465235844542708,0.6790673560997958,0.10473549277677385,0.24977960622979728,124257.84652163438,35866.15053625142,145721.45458667332,False,-1.1038839900869144,3.6522948996759586
0.3,85,0.16,2706,2.8673624354431357,0.07052686044878854,13.863599999999998,5.654775076096322,92.4512738679949,0.7359033554519115,0.6708445380521277,0.07855161896545311,0.24977960622979728,165680.1269739204,47898.34833864162,194209.22612404716,False,-2.0556950902982583,1.9692485097887589
0.3,85,0.2,2706,3.181084741648793,0.08815857556098568,13.863599999999998,5.654775076096322,96.36877879983643,0.7074986967487112,0.6435739352543964,0.06284129658924743,0.24977960622979728,207112.80877034643,59971.845516951726,242690.52962493975,False,-2.526362131603604,1.0123016390647486
0.3,100,0.12,3183,3.558760883191506,0.05289514533659141,13.863599999999998,5.654775076096322,99.74366806576631,0.6736298449454959,0.6217981988190251,0.07567139377988541,0.2938583602703497,146057.8615531246,41986.52431430328,171245.1113788911,False,-2.2516490471746993,2.1551268023886747
0.3,100,0.16,3183,4.03017687014446,0.07052686044878854,13.863599999999998,5.654775076096322,107.1171898542146,0.6316860420085658,0.5789960813521277,0.05675354534964433,0.2938583602703497,194744.6375855315,56119.14441779595,228262.6039185778,False,-2.8117647209328513,0.9274315833194642
0.3,100,0.2,3183,4.527490573060435,0.08815857556098568,13.863599999999998,5.654775076096322,116.05559970967445,0.5879842996594861,0.5344027964336503,0.04540283816140522,0.2938583602703497,243414.02101800073,70282.4048135773,285278.08578737447,True,-3.0923577166986487,0.16407742427997313
0.3,115,0.12,3661,4.630232595855566,0.05289514533659141,13.863599999999998,5.654775076096322,116.41092828847235,0.5787671972181325,0.5327715741971978,0.057218445430432946,0.3379371143109022,167873.8770946317,48162.49318310276,196819.98811956,False,-2.9173689083727337,1.254479015683447
0.3,115,0.16,3661,5.257001959256062,0.07052686044878854,13.863599999999998,5.654775076096322,130.6708724848212,0.5243184207498065,0.47463088537582987,0.04291383332659896,0.3379371143109022,223818.5815549711,64379.32283200109,262380.4131949244,True,-3.2657055196338227,0.26250688575776554
0.3,115,0.2,3661,5.780056960646001,0.08815857556098568,13.863599999999998,5.654775076096322,145.10109537142182,0.4794887369030248,0.42742911614263585,0.03433106704714848,0.3379371143109022,279779.74843501265,80614.7648336241,327940.83520880126,True,-3.4187334182434457,-0.39902257075020714
0.4,70,0.12,1671,1.819639879245488,0.05289514533659142,24.646400000000003,10.052933468615686,148.3924960534984,0.831450298015708,0.7430196893761418,0.15443141448295872,0.20570085218924478,136647.72347008187,38354.666097281915,160379.861762355,False,0.8722363897456191,18.536066724336454
0.4,70,0.16,1671,1.831735057210806,0.07052686044878854,24.646400000000003,10.052933468615686,146.8216684844646,0.8302970916371842,0.7509691802769417,0.11582356205643149,0.20570085218924478,182198.7590949844,51139.554796375895,213691.40833952095,False,-0.7188590787851787,16.51026118668162
0.4,70,0.2,1671,1.941050935140336,0.08815857556098569,24.646400000000003,10.052933468615686,147.36652241926487,0.8201416247881517,0.7481926435852452,0.09265884962058529,0.20570085218924478,227752.10502370342,63924.44349546987,266950.300086419,True,-1.4683718878503866,15.341927971677965
0.4,85,0.12,2029,2.3739512337371065,0.05289514533659142,24.646400000000003,10.052933468615686,153.7248705635079,0.780461387322644,0.7172459948884942,0.1047354930637793,0.24977960622979722,165670.93597519925,46573.5231175843,194276.6932089128,False,-1.0959438759072648,14.839287651736074
0.4,85,0.16,2029,2.6014412690215774,0.07052686044878854,24.646400000000003,10.052933468615686,157.0178801770951,0.7596276616939003,0.7022037711236117,0.07855161973502815,0.24977960622979722,220903.23508914886,62098.03082344574,258931.73833198615,True,-2.032600236244841,13.53025832528747
0.4,85,0.2,2029,2.972637152289745,0.08815857556098569,24.646400000000003,10.052933468615686,163.72432832590866,0.7260035240027105,0.6734402220868623,0.0628412959531662,0.24977960622979722,276134.65872009523,77622.53852930717,323571.134673046,True,-2.508253135161628,12.75804580727013
0.4,100,0.12,2387,3.177794925047194,0.05289514533659142,24.646400000000003,10.052933468615686,168.7946566361768,0.7074242383686487,0.653211165731155,0.07567139680595866,0.29385836027034967,194743.87911598355,56235.3169485935,228320.23775337322,False,-2.2005742798056946,2.134909394112586
0.4,100,0.16,2387,3.7149252601040343,0.07052686044878854,24.646400000000003,10.052933468615686,182.39755269464914,0.6594101800846399,0.6044957643369353,0.05675354540788034,0.29385836027034967,259654.53457347624,75111.92009990613,304347.00487126433,True,-2.762423214216132,0.9571274244674383
0.4,100,0.2,2387,4.234456237206301,0.08815857556098569,24.646400000000003,10.052933468615686,197.65522698623982,0.6135742233674643,0.5578326892022036,0.04540283599008654,0.29385836027034967,324555.94265945425,93950.3454619854,380368.7226853741,True,-3.0481574052961,0.18646013368763606
0.4,115,0.12,2745,4.260749488267229,0.05289514533659142,24.646400000000003,10.052933468615686,196.11279867606535,0.6110018687432658,0.5622200210972124,0.05721844312375602,0.3379371143109021,223828.63406282343,64466.43740998571,262423.33455970814,True,-2.8577320875696293,1.2775064087303936
0.4,115,0.16,2745,4.930931377365842,0.07052686044878854,24.646400000000003,10.052933468615686,220.47360806411956,0.5524655135730095,0.5000986044114043,0.04291383283408488,0.3379371143109021,298427.28299980855,86095.3810266067,349838.5989325633,True,-3.212971658317367,0.29305067664172113
0.4,115,0.2,2745,5.4698397405029695,0.08815857556098569,24.646400000000003,10.052933468615686,244.30001321660922,0.5060540000010533,0.451324363056711,0.034331067130240756,0.3379371143109021,373040.9300718317,107653.54257539481,437253.10075828567,True,-3.37098319671225,-0.36183735817424917
0.5,70,0.12,1337,1.5922955519325526,0.0528951453365914,38.51,15.707708544712007,225.98358709195557,0.8521297846430971,0.7623517639120794,0.15443141902735594,0.20570085218924478,170807.94896202532,47943.332621602385,200467.28935342203,False,0.8545696099761466,18.49575366789396
0.5,70,0.16,1337,1.643906171850176,0.07052686044878856,38.51,15.707708544712007,224.66335537215593,0.8473536075913198,0.7668316936143528,0.1158235620556761,0.20570085218924478,227747.65205869422,63924.44349546985,267102.2690164463,True,-0.68269656648699,16.517000477636156
0.5,70,0.2,1337,1.7810123247027596,0.0881585755609857,38.51,15.707708544712007,226.14481836309952,0.8346792835273319,0.7618082192834906,0.09265884967475603,0.20570085218924478,284692.19141165493,79905.55436933732,333690.2516845677,True,-1.4611473359852505,15.354230343154438
0.5,85,0.12,1623,2.1301490396885994,0.0528951453365914,38.51,15.707708544712007,233.47013465696827,0.8024476804281748,0.7379058642868753,0.10473549333803348,0.24977960622979722,207087.56977530825,58216.903896980366,242838.88336328283,False,-1.0669996829495358,14.842782489645373
0.5,85,0.16,1623,2.405765567743768,0.07052686044878856,38.51,15.707708544712007,239.7133170596041,0.7772281547088111,0.718687561246467,0.07855161931553156,0.24977960622979722,276131.6533374665,77622.53852930716,323662.0290084991,True,-2.0058285936910054,13.549011457116357
0.5,85,0.2,1623,2.797019493429992,0.0881585755609857,38.51,15.707708544712007,250.2347829474046,0.7417489357210748,0.6884693453092545,0.0628412949547731,0.24977960622979722,345160.61699406756,97028.17316163395,404462.14895403164,True,-2.4847589016236284,12.776829098181768
0.5,100,0.12,1910,2.9386217599232354,0.0528951453365914,38.51,15.707708544712007,255.97926953808746,0.7287576912001649,0.6730192637146737,0.07567139335445257,0.29385836027034967,243431.19307311834,70496.23663967509,285397.46051720844,True,-2.1691053806174114,2.1459399005815687
0.5,100,0.16,1910,3.5064629817989594,0.07052686044878856,38.51,15.707708544712007,277.1947635985369,0.6778556575873343,0.6215087767236884,0.05675354478031916,0.29385836027034967,324563.0448438221,94045.3016863444,380432.3230437481,True,-2.734780242477828,0.9749148012399483
0.5,100,0.2,1910,4.0347655334298675,0.0881585755609857,38.51,15.707708544712007,300.1661549637543,0.6310890399539876,0.5739454164558013,0.045402837647665555,0.29385836027034967,405700.0061483167,117503.99851348487,475459.66339376435,True,-3.0220636963959637,0.1978495471733243
0.5,115,0.12,2196,4.019154106555012,0.0528951453365914,38.51,15.707708544712007,296.16741650264663,0.6321843263876921,0.5816945802323056,0.05721844521488961,0.3379371143109021,279782.40510663384,80745.44873643803,328027.6917617999,True,-2.824768596807713,1.2989944791511836
0.5,115,0.16,2196,4.7053389015314115,0.07052686044878856,38.51,15.707708544712007,332.64661278807023,0.5720344237878422,0.517903888031309,0.04291383276240635,0.3379371143109021,373037.1986497781,107708.95595245923,437297.01142567984,True,-3.1822041501947447,0.3067877498151399
0.5,115,0.2,2196,5.25196891195592,0.0881585755609857,38.51,15.707708544712007,367.9220867860684,0.5247852544993644,0.46824854350266254,0.03433106716069081,0.3379371143109021,466302.96837184863,134582.45714111056,546565.3371284956,False,-3.341976359725098,-0.32915270720413875
0.6,70,0.12,1114,1.44466943066645,0.05289514533659141,55.45439999999999,22.619100304385288,320.1705523988819,0.8656077291767055,0.7748424622928061,0.154431418610854,0.20570085218924478,204968.92496153587,57531.99914592287,240556.60424209008,False,0.8434057692773993,18.474185267886295
0.6,70,0.16,1114,1.5173224228662399,0.07052686044878854,55.45439999999999,22.619100304385288,319.0476148868611,0.8588933385213902,0.7775696212233121,0.11582356205495846,0.20570085218924478,273296.9272729696,76709.33219456383,320510.9560061587,True,-0.6542316727196668,16.52127381872442
0.6,70,0.2,1114,1.6690906644350927,0.08815857556098568,55.45439999999999,22.619100304385288,321.5821573763361,0.8448756395082407,0.7714412238110993,0.09265884963959345,0.20570085218924478,341633.61293277494,95886.66524320477,400430.0691468589,True,-1.45664028390951,15.36188093545844
0.6,85,0.12,1353,1.966458673464724,0.05289514533659141,55.45439999999999,22.619100304385288,329.98417638140285,0.8172843932449927,0.7517988768260574,0.10473549328597245,0.24977960622979728,248504.91231546886,69860.28467637644,291402.7674987164,True,-1.0479623061907444,14.849937955194846
0.6,85,0.16,1353,2.2698451030976208,0.07052686044878854,55.45439999999999,22.619100304385288,339.72994239431404,0.7895059972621166,0.7302321698936138,0.07855161993039286,0.24977960622979728,331360.05693561357,93147.0462351686,388393.02808955853,True,-1.9892807171024274,13.561997842220311
0.6,85,0.2,1353,2.6738354248667933,0.08815857556098568,55.45439999999999,22.619100304385288,354.8665256020221,0.7528179857219246,0.6990846096559554,0.06284129484968612,0.24977960622979728,414184.3071565288,116433.80779396075,485353.24587482377,True,-2.470769023424773,12.78785795603982
0.6,100,0.12,1592,2.7719729885300604,0.05289514533659141,55.45439999999999,22.619100304385288,361.17574634803265,0.7436915348957459,0.6868726162773375,0.07567139321912719,0.2938583602703497,292118.63071829965,84699.24918893796,342475.5786520588,True,-2.148562927906497,2.159674980960345
0.6,100,0.16,1592,3.3564752325854257,0.07052686044878854,55.45439999999999,22.619100304385288,391.40572692963957,0.6911770647451728,0.6338224225589839,0.05675354433723776,0.2938583602703497,389471.4047157998,112891.81943150872,456517.827742987,True,-2.7172249484940174,0.9841877694107987
0.6,100,0.2,1592,3.888537485758741,0.08815857556098568,55.45439999999999,22.619100304385288,423.46279023565245,0.6439707729112336,0.5858407283742464,0.045402838327889404,0.2938583602703497,486844.81144999445,140990.50770702897,570550.6704484008,False,-3.005009718223319,0.20659105086880844
0.6,115,0.12,1830,3.844054245058712,0.05289514533659141,55.45439999999999,22.619100304385288,416.30168879304597,0.6476008890391175,0.5959181513621274,0.057218445233995024,0.3379371143109022,335735.74427898525,96967.37564086214,393632.33248787344,True,-2.803555773777758,1.3142352716457995
0.6,115,0.16,1830,4.53802456494689,0.07052686044878854,55.45439999999999,22.619100304385288,467.0115645277045,0.5866106077184754,0.5312110991215959,0.04291383319905846,0.3379371143109022,447647.37598606915,129253.13810430099,524755.3498342261,False,-3.161750186310585,0.3140196631039883
0.6,115,0.2,1830,5.088636654225525,0.08815857556098568,55.45439999999999,22.619100304385288,515.7614221478551,0.5388780243104835,0.4810009477725095,0.03433106714806656,0.3379371143109022,559565.4350517519,161469.71288503593,655877.502270441,False,-3.3231416954140953,-0.3002178682886869
