cor_name,x,y
AQUILA,1.0,0.0
AQUILA,0.98,0.0034
AQUILA,0.92667,0.0124
AQUILA,0.87333,0.0215
AQUILA,0.82,0.03065
AQUILA,0.76,0.04077
AQUILA,0.70667,0.04945
AQUILA,0.65333,0.05768
AQUILA,0.6,0.0653
AQUILA,0.54667,0.07214
AQUILA,0.49333,0.07799
AQUILA,0.44,0.08263
AQUILA,0.39333,0.08551
AQUILA,0.34667,0.0871
AQUILA,0.31333,0.08735
AQUILA,0.27333,0.08655
AQUILA,0.23333,0.08438
AQUILA,0.19333,0.08055
AQUILA,0.16,0.07577
AQUILA,0.12667,0.06914
AQUILA,0.09333,0.06012
AQUILA,0.06,0.04786
AQUILA,0.04667,0.04171
AQUILA,0.03333,0.03454
AQUILA,0.02667,0.03045
AQUILA,0.02,0.02587
AQUILA,0.01333,0.02052
AQUILA,0.01,0.01739
AQUILA,0.00667,0.01377
AQUILA,0.00333,0.00929
AQUILA,0.0,0.0
AQUILA,0.00667,-0.00725
AQUILA,0.01,-0.0081
AQUILA,0.01333,-0.00862
AQUILA,0.02,-0.00917
AQUILA,0.02667,-0.0094
AQUILA,0.03333,-0.00947
AQUILA,0.04667,-0.00939
AQUILA,0.06,-0.0092
AQUILA,0.09333,-0.00866
AQUILA,0.12667,-0.00821
AQUILA,0.16,-0.00787
AQUILA,0.19333,-0.00758
AQUILA,0.23333,-0.00724
AQUILA,0.27333,-0.00688
AQUILA,0.31333,-0.0065
AQUILA,0.34667,-0.00618
AQUILA,0.39333,-0.00574
AQUILA,0.44,-0.0053
AQUILA,0.49333,-0.0048
AQUILA,0.54667,-0.0043
AQUILA,0.6,-0.0038
AQUILA,0.65333,-0.0033
AQUILA,0.70667,-0.00279
AQUILA,0.76,-0.00229
AQUILA,0.82,-0.00173
AQUILA,0.87333,-0.00122
AQUILA,0.92667,-0.0007
AQUILA,0.98,-0.00019
AQUILA,1.0,0.0
CLARK-Y,1.0,0.0
CLARK-Y,0.99572,0.00115
CLARK-Y,0.98296,0.00448
CLARK-Y,0.96194,0.00972
CLARK-Y,0.93301,0.01656
CLARK-Y,0.89668,0.02475
CLARK-Y,0.85355,0.034
CLARK-Y,0.80438,0.04394
CLARK-Y,0.75,0.05412
CLARK-Y,0.69134,0.06405
CLARK-Y,0.62941,0.07319
CLARK-Y,0.56526,0.08105
CLARK-Y,0.5,0.08719
CLARK-Y,0.43474,0.09128
CLARK-Y,0.37059,0.09312
CLARK-Y,0.33928,0.09318
CLARK-Y,0.30866,0.09266
CLARK-Y,0.27886,0.09158
CLARK-Y,0.25,0.08996
CLARK-Y,0.22221,0.08774
CLARK-Y,0.19562,0.08483
CLARK-Y,0.17033,0.08113
CLARK-Y,0.14645,0.0766
CLARK-Y,0.12408,0.07134
CLARK-Y,0.10332,0.06552
CLARK-Y,0.08427,0.05939
CLARK-Y,0.06699,0.05313
CLARK-Y,0.05156,0.04677
CLARK-Y,0.03806,0.04027
CLARK-Y,0.02653,0.03352
CLARK-Y,0.01704,0.02652
CLARK-Y,0.00961,0.01943
CLARK-Y,0.00428,0.01254
CLARK-Y,0.00107,0.00616
CLARK-Y,0.0,0.00047
CLARK-Y,0.00107,-0.00453
CLARK-Y,0.00428,-0.00898
CLARK-Y,0.00961,-0.01296
CLARK-Y,0.01704,-0.01651
CLARK-Y,0.02653,-0.01959
CLARK-Y,0.03806,-0.02214
CLARK-Y,0.05156,-0.02414
CLARK-Y,0.06699,-0.02567
CLARK-Y,0.08427,-0.0268
CLARK-Y,0.10332,-0.02763
CLARK-Y,0.12408,-0.02816
CLARK-Y,0.14645,-0.02839
CLARK-Y,0.17033,-0.02832
CLARK-Y,0.19562,-0.02795
CLARK-Y,0.22221,-0.02734
CLARK-Y,0.25,-0.02653
CLARK-Y,0.27886,-0.02559
CLARK-Y,0.30866,-0.02458
CLARK-Y,0.33928,-0.02351
CLARK-Y,0.37059,-0.02242
CLARK-Y,0.43474,-0.02018
CLARK-Y,0.5,-0.01792
CLARK-Y,0.56526,-0.01566
CLARK-Y,0.62941,-0.01345
CLARK-Y,0.69134,-0.01131
CLARK-Y,0.75,-0.00928
CLARK-Y,0.80438,-0.00741
CLARK-Y,0.85355,-0.00575
CLARK-Y,0.89668,-0.00429
CLARK-Y,0.93301,-0.00302
CLARK-Y,0.96194,-0.0019
CLARK-Y,0.98296,-0.00094
CLARK-Y,0.99572,-0.00025
CLARK-Y,1.0,0.0
DAE51,1.0,0.0
DAE51,0.98041,0.00369
DAE51,0.96487,0.00662
DAE51,0.94717,0.01002
DAE51,0.91022,0.01729
DAE51,0.85441,0.02852
DAE51,0.81719,0.03593
DAE51,0.77994,0.04313
DAE51,0.74265,0.05003
DAE51,0.7053,0.05646
DAE51,0.64912,0.06508
DAE51,0.61157,0.07004
DAE51,0.5551,0.0762
DAE51,0.49848,0.08088
DAE51,0.46067,0.08312
DAE51,0.40392,0.08504
DAE51,0.34716,0.08505
DAE51,0.30935,0.08389
DAE51,0.25275,0.08023
DAE51,0.21516,0.07637
DAE51,0.17776,0.0712
DAE51,0.12227,0.06051
DAE51,0.10405,0.05598
DAE51,0.0684,0.04508
DAE51,0.05141,0.0386
DAE51,0.03581,0.03155
DAE51,0.02301,0.02458
DAE51,0.01389,0.01847
DAE51,0.00795,0.01353
DAE51,0.00414,0.00948
DAE51,0.0,-9e-05
DAE51,0.00505,-0.00802
DAE51,0.00955,-0.00991
DAE51,0.01608,-0.01157
DAE51,0.02576,-0.01315
DAE51,0.03952,-0.01449
DAE51,0.05638,-0.01544
DAE51,0.07466,-0.01597
DAE51,0.09341,-0.01617
DAE51,0.13122,-0.01593
DAE51,0.15017,-0.01559
DAE51,0.18808,-0.0146
DAE51,0.20704,-0.01399
DAE51,0.24496,-0.01261
DAE51,0.30186,-0.01026
DAE51,0.35876,-0.00777
DAE51,0.3967,-0.00613
DAE51,0.4536,-0.00376
DAE51,0.5105,-0.00155
DAE51,0.54844,-0.00021
DAE51,0.60534,0.00158
DAE51,0.64328,0.00257
DAE51,0.70019,0.00369
DAE51,0.75709,0.00426
DAE51,0.79502,0.00428
DAE51,0.85191,0.00372
DAE51,0.90873,0.00226
DAE51,0.92758,0.00155
DAE51,0.94633,0.00075
DAE51,0.96431,-0.00012
DAE51,1.0,-0.002
DF101,1.0,0.0
DF101,0.9968,0.00043
DF101,0.98727,0.00187
DF101,0.97163,0.00435
DF101,0.9503,0.00793
DF101,0.92375,0.01258
DF101,0.89245,0.01818
DF101,0.85697,0.0245
DF101,0.81783,0.03123
DF101,0.77558,0.03809
DF101,0.73072,0.04484
DF101,0.68375,0.05129
DF101,0.63525,0.05731
DF101,0.58567,0.06279
DF101,0.53552,0.06757
DF101,0.4852,0.07149
DF101,0.43513,0.07436
DF101,0.38578,0.07605
DF101,0.33765,0.07652
DF101,0.29125,0.0758
DF101,0.24708,0.07397
DF101,0.20557,0.07109
DF101,0.16715,0.06717
DF101,0.13208,0.06211
DF101,0.10063,0.05581
DF101,0.07308,0.04827
DF101,0.04975,0.0397
DF101,0.03082,0.03046
DF101,0.01637,0.02109
DF101,0.00647,0.01226
DF101,0.00107,0.00454
DF101,0.0,-0.00069
DF101,0.00478,-0.00767
DF101,0.01512,-0.0135
DF101,0.02987,-0.01893
DF101,0.04877,-0.02398
DF101,0.07192,-0.02849
DF101,0.0994,-0.03216
DF101,0.13128,-0.03475
DF101,0.16755,-0.03611
DF101,0.20782,-0.03629
DF101,0.25158,-0.03547
DF101,0.29833,-0.03397
DF101,0.34758,-0.03205
DF101,0.39883,-0.02988
DF101,0.45162,-0.02751
DF101,0.50533,-0.02496
DF101,0.55933,-0.02226
DF101,0.61295,-0.01953
DF101,0.66543,-0.01689
DF101,0.71618,-0.01444
DF101,0.76453,-0.01218
DF101,0.8099,-0.01004
DF101,0.85165,-0.00793
DF101,0.88918,-0.00585
DF101,0.92195,-0.00391
DF101,0.94943,-0.00229
DF101,0.97128,-0.00114
DF101,0.98715,-0.00046
DF101,0.99677,-0.00015
DF101,1.0,0.0
DF102,1.0,0.0
DF102,0.9968,0.00043
DF102,0.98727,0.00187
DF102,0.97164,0.00435
DF102,0.9503,0.00793
DF102,0.92376,0.01258
DF102,0.89246,0.01818
DF102,0.85698,0.0245
DF102,0.81785,0.03123
DF102,0.77561,0.03809
DF102,0.73074,0.04484
DF102,0.68378,0.05129
DF102,0.63529,0.05731
DF102,0.58571,0.06279
DF102,0.53556,0.06757
DF102,0.48525,0.07149
DF102,0.43519,0.07436
DF102,0.38584,0.07605
DF102,0.33772,0.07652
DF102,0.29132,0.0758
DF102,0.24716,0.07397
DF102,0.20565,0.07144
DF102,0.16723,0.0683
DF102,0.13217,0.06431
DF102,0.10072,0.0592
DF102,0.07318,0.0527
DF102,0.04985,0.0447
DF102,0.03091,0.03506
DF102,0.01647,0.02449
DF102,0.00657,0.01426
DF102,0.00117,0.00554
DF102,0.0,-0.00089
DF102,0.00488,-0.00767
DF102,0.01522,-0.0135
DF102,0.02996,-0.01893
DF102,0.04886,-0.02398
DF102,0.07201,-0.02849
DF102,0.09949,-0.03216
DF102,0.13137,-0.03475
DF102,0.16763,-0.03611
DF102,0.2079,-0.03629
DF102,0.25166,-0.03547
DF102,0.2984,-0.03397
DF102,0.34765,-0.03205
DF102,0.39889,-0.02988
DF102,0.45167,-0.02751
DF102,0.50538,-0.02496
DF102,0.55938,-0.02226
DF102,0.61299,-0.01953
DF102,0.66547,-0.01689
DF102,0.71621,-0.01444
DF102,0.76456,-0.01218
DF102,0.80992,-0.01004
DF102,0.85166,-0.00793
DF102,0.88919,-0.00585
DF102,0.92196,-0.00391
DF102,0.94944,-0.00229
DF102,0.97129,-0.00114
DF102,0.98715,-0.00046
DF102,0.99677,-0.00015
DF102,1.0,-7e-05
E193,1.0,0.0
E193,0.99661,0.00051
E193,0.98674,0.0022
E193,0.97108,0.00522
E193,0.95023,0.00932
E193,0.92452,0.01415
E193,0.89414,0.01957
E193,0.85945,0.02558
E193,0.82096,0.03214
E193,0.77923,0.03914
E193,0.73484,0.04642
E193,0.68859,0.05381
E193,0.64052,0.06112
E193,0.59186,0.06808
E193,0.54306,0.07436
E193,0.49458,0.07954
E193,0.44673,0.08332
E193,0.39979,0.08551
E193,0.35402,0.08603
E193,0.30967,0.08487
E193,0.26696,0.08213
E193,0.2262,0.07805
E193,0.1878,0.07284
E193,0.15218,0.06663
E193,0.11967,0.05957
E193,0.09061,0.05181
E193,0.06525,0.04352
E193,0.04383,0.03487
E193,0.02652,0.02608
E193,0.01344,0.0174
E193,0.00465,0.00915
E193,0.00026,0.0019
E193,0.0,0.0
E193,0.00129,-0.00375
E193,0.00819,-0.00838
E193,0.02044,-0.01252
E193,0.03791,-0.01588
E193,0.06049,-0.01841
E193,0.08801,-0.0201
E193,0.12026,-0.02098
E193,0.15697,-0.02112
E193,0.19778,-0.02061
E193,0.24227,-0.01955
E193,0.28998,-0.01807
E193,0.34035,-0.01628
E193,0.3928,-0.0143
E193,0.44672,-0.01224
E193,0.50145,-0.01019
E193,0.5563,-0.00824
E193,0.61059,-0.00645
E193,0.66364,-0.00486
E193,0.71479,-0.0035
E193,0.76339,-0.00239
E193,0.80882,-0.00153
E193,0.8505,-0.00091
E193,0.88788,-0.00048
E193,0.92048,-0.00018
E193,0.94794,0.0001
E193,0.97003,0.00032
E193,0.9864,0.00034
E193,0.99655,0.00014
E193,1.0,0.0
E193MOD,1.0,0.0
E193MOD,0.99661,0.00059
E193MOD,0.98674,0.00255
E193MOD,0.97108,0.00606
E193MOD,0.95023,0.01081
E193MOD,0.92452,0.01641
E193MOD,0.89414,0.0227
E193MOD,0.85945,0.02967
E193MOD,0.82096,0.03728
E193MOD,0.77923,0.0454
E193MOD,0.73484,0.05385
E193MOD,0.68859,0.06242
E193MOD,0.64052,0.0709
E193MOD,0.59186,0.07897
E193MOD,0.54306,0.08626
E193MOD,0.49458,0.09227
E193MOD,0.44673,0.09665
E193MOD,0.39979,0.09919
E193MOD,0.35402,0.09979
E193MOD,0.30967,0.09845
E193MOD,0.26696,0.09527
E193MOD,0.2262,0.09054
E193MOD,0.1878,0.08449
E193MOD,0.15218,0.07729
E193MOD,0.11967,0.0691
E193MOD,0.09061,0.0601
E193MOD,0.06525,0.05048
E193MOD,0.04383,0.04045
E193MOD,0.02652,0.03025
E193MOD,0.01344,0.02018
E193MOD,0.00465,0.01061
E193MOD,0.00026,0.0022
E193MOD,0.0,0.0
E193MOD,0.00129,-0.00435
E193MOD,0.00819,-0.00972
E193MOD,0.02044,-0.01452
E193MOD,0.03791,-0.01842
E193MOD,0.06049,-0.02136
E193MOD,0.08801,-0.02332
E193MOD,0.12026,-0.02434
E193MOD,0.15697,-0.0245
E193MOD,0.19778,-0.02391
E193MOD,0.24227,-0.02268
E193MOD,0.28998,-0.02096
E193MOD,0.34035,-0.01888
E193MOD,0.3928,-0.01659
E193MOD,0.44672,-0.0142
E193MOD,0.50145,-0.01182
E193MOD,0.5563,-0.00956
E193MOD,0.61059,-0.00748
E193MOD,0.66364,-0.00564
E193MOD,0.71479,-0.00406
E193MOD,0.76339,-0.00277
E193MOD,0.80882,-0.00177
E193MOD,0.8505,-0.00106
E193MOD,0.88788,-0.00056
E193MOD,0.92048,-0.00021
E193MOD,0.94794,0.00012
E193MOD,0.97003,0.00037
E193MOD,0.9864,0.00039
E193MOD,0.99655,0.00016
E193MOD,1.0,0.0
E205,1.0,0.0
E205,0.99655,0.00039
E205,0.98649,0.00174
E205,0.97049,0.00427
E205,0.94916,0.00778
E205,0.92285,0.01196
E205,0.89175,0.01668
E205,0.85624,0.02199
E205,0.81684,0.02786
E205,0.77412,0.03419
E205,0.72866,0.04088
E205,0.68108,0.04777
E205,0.63204,0.0547
E205,0.58218,0.06147
E205,0.53217,0.06782
E205,0.48265,0.07342
E205,0.4341,0.07785
E205,0.3868,0.08081
E205,0.34101,0.08214
E205,0.29699,0.08177
E205,0.25496,0.0797
E205,0.21508,0.07606
E205,0.17764,0.07111
E205,0.14302,0.06507
E205,0.11157,0.05811
E205,0.0836,0.0504
E205,0.05937,0.04211
E205,0.03909,0.03344
E205,0.02292,0.02461
E205,0.01097,0.01589
E205,0.00331,0.00766
E205,2e-05,0.00055
E205,0.0,0.0
E205,0.00233,-0.00506
E205,0.01065,-0.00988
E205,0.02419,-0.0142
E205,0.04291,-0.01776
E205,0.06669,-0.02053
E205,0.09534,-0.02252
E205,0.12864,-0.02378
E205,0.16627,-0.02436
E205,0.20783,-0.02435
E205,0.2529,-0.02384
E205,0.30097,-0.02292
E205,0.35149,-0.02168
E205,0.40388,-0.02021
E205,0.45751,-0.01859
E205,0.51174,-0.01689
E205,0.56591,-0.01516
E205,0.61938,-0.01345
E205,0.67149,-0.0118
E205,0.7216,-0.01023
E205,0.76911,-0.00876
E205,0.81343,-0.0074
E205,0.854,-0.00614
E205,0.89034,-0.00497
E205,0.92195,-0.0038
E205,0.9486,-0.00252
E205,0.97017,-0.00125
E205,0.98635,-0.00036
E205,0.99651,-3e-05
E205,1.0,0.0
E214,1.0,0.0
E214,0.99669,0.00104
E214,0.98737,0.00422
E214,0.97312,0.00916
E214,0.95431,0.01501
E214,0.93081,0.02139
E214,0.90279,0.02833
E214,0.87072,0.03576
E214,0.83508,0.04344
E214,0.79626,0.05102
E214,0.75457,0.05841
E214,0.7104,0.06544
E214,0.6643,0.07207
E214,0.61682,0.07813
E214,0.56852,0.08344
E214,0.51991,0.08776
E214,0.47142,0.09093
E214,0.42346,0.09281
E214,0.37645,0.09332
E214,0.33076,0.09241
E214,0.28674,0.09008
E214,0.24474,0.08639
E214,0.2051,0.08142
E214,0.16816,0.07532
E214,0.13424,0.06822
E214,0.10365,0.06028
E214,0.07665,0.05168
E214,0.05349,0.04258
E214,0.03434,0.03321
E214,0.01934,0.02379
E214,0.00856,0.01465
E214,0.0021,0.00619
E214,0.0,0.0
E214,5e-05,-0.00086
E214,0.0036,-0.00632
E214,0.01326,-0.01087
E214,0.0283,-0.01475
E214,0.04858,-0.01784
E214,0.0739,-0.02011
E214,0.10406,-0.02161
E214,0.13874,-0.02236
E214,0.17759,-0.02245
E214,0.22017,-0.02193
E214,0.26599,-0.02086
E214,0.31449,-0.01928
E214,0.36508,-0.01721
E214,0.41714,-0.01453
E214,0.4703,-0.011
E214,0.5245,-0.00678
E214,0.57932,-0.00245
E214,0.634,0.00155
E214,0.6877,0.00495
E214,0.73959,0.00756
E214,0.78883,0.00923
E214,0.83461,0.00994
E214,0.87612,0.0097
E214,0.91265,0.00862
E214,0.94352,0.00684
E214,0.96809,0.00461
E214,0.98582,0.00235
E214,0.99646,0.00065
E214,1.0,0.0
E374,1.0,0.0
E374,0.9964,0.00045
E374,0.9861,0.00204
E374,0.97,0.00485
E374,0.94864,0.00846
E374,0.92214,0.01264
E374,0.89077,0.01747
E374,0.85508,0.02297
E374,0.8156,0.02905
E374,0.77292,0.03559
E374,0.72769,0.04245
E374,0.68053,0.04943
E374,0.6321,0.05628
E374,0.58308,0.06268
E374,0.53397,0.0682
E374,0.48511,0.07251
E374,0.43681,0.07543
E374,0.38939,0.07684
E374,0.34312,0.07669
E374,0.29824,0.07506
E374,0.2551,0.07215
E374,0.21415,0.06815
E374,0.17583,0.06317
E374,0.14053,0.05732
E374,0.1086,0.05071
E374,0.08035,0.04349
E374,0.05605,0.03578
E374,0.03589,0.02778
E374,0.02003,0.0197
E374,0.00862,0.01183
E374,0.00178,0.00457
E374,0.00014,-0.00124
E374,0.00437,-0.00624
E374,0.01427,-0.01133
E374,0.02935,-0.01602
E374,0.04949,-0.02017
E374,0.07454,-0.02371
E374,0.10428,-0.02662
E374,0.13845,-0.02892
E374,0.17669,-0.03062
E374,0.21861,-0.03177
E374,0.26374,-0.0324
E374,0.31158,-0.03256
E374,0.36159,-0.0323
E374,0.4132,-0.03165
E374,0.4658,-0.03065
E374,0.51877,-0.02932
E374,0.5715,-0.02768
E374,0.62336,-0.0257
E374,0.67382,-0.02334
E374,0.72243,-0.0206
E374,0.76874,-0.0176
E374,0.81228,-0.01451
E374,0.85254,-0.01153
E374,0.88892,-0.00882
E374,0.92085,-0.00643
E374,0.94783,-0.00432
E374,0.96958,-0.00241
E374,0.98594,-0.00091
E374,0.99637,-0.00016
E374,1.0,0.0
E387,1.0,0.0
E387,0.98729,0.0018
E387,0.97198,0.00423
E387,0.95128,0.00763
E387,0.92554,0.01184
E387,0.8951,0.01679
E387,0.86035,0.02242
E387,0.82183,0.02866
E387,0.78007,0.0354
E387,0.73567,0.04249
E387,0.68922,0.04975
E387,0.64136,0.05696
E387,0.59272,0.0639
E387,0.54394,0.0702
E387,0.49549,0.07546
E387,0.44767,0.07936
E387,0.40077,0.08173
E387,0.35505,0.08247
E387,0.31078,0.08156
E387,0.26813,0.07908
E387,0.22742,0.07529
E387,0.18906,0.07037
E387,0.15345,0.06448
E387,0.12094,0.05775
E387,0.09185,0.05033
E387,0.06643,0.04238
E387,0.04493,0.03408
E387,0.02748,0.02562
E387,0.01423,0.01726
E387,0.007,0.011
E387,0.0009,0.00245
E387,0.0,0.0
E387,0.00091,-0.00286
E387,0.00717,-0.00682
E387,0.0189,-0.01017
E387,0.03596,-0.01265
E387,0.05827,-0.01425
E387,0.08569,-0.015
E387,0.118,-0.01502
E387,0.1549,-0.01441
E387,0.19599,-0.01329
E387,0.24083,-0.01177
E387,0.28892,-0.00998
E387,0.33968,-0.00804
E387,0.39252,-0.00605
E387,0.44679,-0.0041
E387,0.50182,-0.00228
E387,0.55694,-0.00065
E387,0.61147,0.00074
E387,0.66472,0.00186
E387,0.71602,0.00268
E387,0.76475,0.0032
E387,0.81027,0.00342
E387,0.85202,0.00337
E387,0.88944,0.00307
E387,0.92205,0.00258
E387,0.94942,0.00196
E387,0.97118,0.00132
E387,0.98705,0.00071
E387,1.0,0.0
FX63-137,1.0,0.0
FX63-137,0.98296,0.00822
FX63-137,0.96194,0.01642
FX63-137,0.93301,0.02581
FX63-137,0.89668,0.03615
FX63-137,0.85355,0.04757
FX63-137,0.80438,0.06001
FX63-137,0.75,0.07305
FX63-137,0.69134,0.08596
FX63-137,0.62941,0.09788
FX63-137,0.56526,0.10799
FX63-137,0.5,0.11562
FX63-137,0.43474,0.12031
FX63-137,0.37059,0.1218
FX63-137,0.33928,0.1213
FX63-137,0.30866,0.11998
FX63-137,0.27886,0.11785
FX63-137,0.25,0.11492
FX63-137,0.22221,0.11122
FX63-137,0.17033,0.10168
FX63-137,0.14645,0.09591
FX63-137,0.12408,0.08955
FX63-137,0.10332,0.0827
FX63-137,0.08427,0.07552
FX63-137,0.06699,0.06812
FX63-137,0.05156,0.06052
FX63-137,0.03806,0.05264
FX63-137,0.02653,0.0443
FX63-137,0.01704,0.03548
FX63-137,0.00961,0.02636
FX63-137,0.00428,0.01742
FX63-137,0.0,0.00241
FX63-137,0.00428,-0.00702
FX63-137,0.00961,-0.01016
FX63-137,0.01704,-0.01275
FX63-137,0.02653,-0.01503
FX63-137,0.03806,-0.01706
FX63-137,0.05156,-0.01879
FX63-137,0.06699,-0.02018
FX63-137,0.08427,-0.02123
FX63-137,0.10332,-0.02199
FX63-137,0.12408,-0.02248
FX63-137,0.14645,-0.02272
FX63-137,0.17033,-0.02267
FX63-137,0.22221,-0.02157
FX63-137,0.25,-0.02043
FX63-137,0.27886,-0.01884
FX63-137,0.30866,-0.01675
FX63-137,0.33928,-0.01418
FX63-137,0.37059,-0.01118
FX63-137,0.43474,-0.00421
FX63-137,0.56526,0.01092
FX63-137,0.62941,0.0176
FX63-137,0.69134,0.02287
FX63-137,0.75,0.02629
FX63-137,0.80438,0.02758
FX63-137,0.85355,0.02661
FX63-137,0.89668,0.02343
FX63-137,0.93301,0.01841
FX63-137,0.96194,0.01229
FX63-137,0.98296,0.00623
FX63-137,1.0,0.0
J5012,1.0,0.0
J5012,0.99726,0.00043
J5012,0.98907,0.00169
J5012,0.97553,0.00377
J5012,0.95677,0.00659
J5012,0.93301,0.01009
J5012,0.90451,0.01416
J5012,0.87157,0.0187
J5012,0.83457,0.02357
J5012,0.79389,0.02864
J5012,0.75,0.03377
J5012,0.70337,0.0388
J5012,0.65451,0.04359
J5012,0.60396,0.048
J5012,0.55226,0.05189
J5012,0.5,0.05514
J5012,0.44774,0.05763
J5012,0.39604,0.05928
J5012,0.34549,0.06
J5012,0.29663,0.05975
J5012,0.25,0.05849
J5012,0.20611,0.05621
J5012,0.16544,0.05294
J5012,0.12843,0.04871
J5012,0.09549,0.04359
J5012,0.06699,0.03766
J5012,0.04323,0.03102
J5012,0.02447,0.0238
J5012,0.01093,0.01612
J5012,0.00274,0.00814
J5012,0.0,0.0
J5012,0.00274,-0.00814
J5012,0.01093,-0.01612
J5012,0.02447,-0.0238
J5012,0.04323,-0.03102
J5012,0.06699,-0.03766
J5012,0.09549,-0.04359
J5012,0.12843,-0.04871
J5012,0.16543,-0.05294
J5012,0.20611,-0.05621
J5012,0.25,-0.05849
J5012,0.29663,-0.05975
J5012,0.34549,-0.06
J5012,0.39604,-0.05928
J5012,0.44774,-0.05763
J5012,0.5,-0.05514
J5012,0.55226,-0.05189
J5012,0.60396,-0.048
J5012,0.65451,-0.04359
J5012,0.70337,-0.0388
J5012,0.75,-0.03377
J5012,0.79389,-0.02864
J5012,0.83456,-0.02357
J5012,0.87157,-0.0187
J5012,0.90451,-0.01416
J5012,0.93301,-0.01009
J5012,0.95677,-0.00659
J5012,0.97553,-0.00377
J5012,0.98907,-0.00169
J5012,0.99726,-0.00043
J5012,1.0,0.0
MB253515,1.0,0.0
MB253515,0.95,0.01032
MB253515,0.9,0.02033
MB253515,0.85,0.03052
MB253515,0.8,0.04079
MB253515,0.75,0.05095
MB253515,0.7,0.06078
MB253515,0.65,0.07005
MB253515,0.6,0.07849
MB253515,0.55,0.08582
MB253515,0.5,0.09174
MB253515,0.45,0.09602
MB253515,0.425,0.09748
MB253515,0.4,0.09847
MB253515,0.375,0.09898
MB253515,0.35,0.09904
MB253515,0.325,0.09868
MB253515,0.3,0.09788
MB253515,0.275,0.0966
MB253515,0.25,0.09473
MB253515,0.225,0.09211
MB253515,0.2,0.08861
MB253515,0.175,0.0841
MB253515,0.15,0.07844
MB253515,0.125,0.07146
MB253515,0.1,0.06296
MB253515,0.0875,0.05807
MB253515,0.075,0.05274
MB253515,0.0625,0.04696
MB253515,0.05,0.04072
MB253515,0.0375,0.03393
MB253515,0.025,0.02636
MB253515,0.01,0.01521
MB253515,0.0,-0.00041
MB253515,0.01,-0.01223
MB253515,0.025,-0.01809
MB253515,0.0375,-0.02159
MB253515,0.05,-0.02461
MB253515,0.0625,-0.02739
MB253515,0.075,-0.03001
MB253515,0.0875,-0.03246
MB253515,0.1,-0.03472
MB253515,0.125,-0.03861
MB253515,0.15,-0.04175
MB253515,0.175,-0.04425
MB253515,0.2,-0.04622
MB253515,0.225,-0.04776
MB253515,0.25,-0.04892
MB253515,0.275,-0.04974
MB253515,0.3,-0.05026
MB253515,0.325,-0.05052
MB253515,0.35,-0.05054
MB253515,0.375,-0.05035
MB253515,0.4,-0.04997
MB253515,0.425,-0.04941
MB253515,0.45,-0.04866
MB253515,0.5,-0.0466
MB253515,0.55,-0.04383
MB253515,0.6,-0.04036
MB253515,0.65,-0.03628
MB253515,0.7,-0.03169
MB253515,0.75,-0.02669
MB253515,0.8,-0.02144
MB253515,0.85,-0.01606
MB253515,0.9,-0.0107
MB253515,0.95,-0.00544
MB253515,1.0,0.0
MILEY,1.0,0.0
MILEY,0.99896,0.00015
MILEY,0.99152,0.00088
MILEY,0.97756,0.00198
MILEY,0.95718,0.0037
MILEY,0.93068,0.00631
MILEY,0.89849,0.01002
MILEY,0.86112,0.01499
MILEY,0.81923,0.02139
MILEY,0.77354,0.0293
MILEY,0.72493,0.03878
MILEY,0.67434,0.0498
MILEY,0.62288,0.06225
MILEY,0.5718,0.07584
MILEY,0.52265,0.09002
MILEY,0.47756,0.10309
MILEY,0.4351,0.11094
MILEY,0.39263,0.11489
MILEY,0.35032,0.11617
MILEY,0.30873,0.11531
MILEY,0.26838,0.11256
MILEY,0.22975,0.10814
MILEY,0.19328,0.1022
MILEY,0.15942,0.09487
MILEY,0.12857,0.08605
MILEY,0.10057,0.07583
MILEY,0.07558,0.0646
MILEY,0.05382,0.05305
MILEY,0.03551,0.04122
MILEY,0.02083,0.0296
MILEY,0.00994,0.01862
MILEY,0.00296,0.00878
MILEY,0.00098,0.00452
MILEY,5e-05,0.00087
MILEY,0.0003,-0.00183
MILEY,0.00233,-0.00372
MILEY,0.01203,-0.00669
MILEY,0.02803,-0.00901
MILEY,0.04987,-0.01077
MILEY,0.07718,-0.01203
MILEY,0.10959,-0.01287
MILEY,0.14667,-0.01333
MILEY,0.18796,-0.01349
MILEY,0.23296,-0.01339
MILEY,0.28111,-0.01308
MILEY,0.33185,-0.0126
MILEY,0.38456,-0.012
MILEY,0.43862,-0.01129
MILEY,0.49338,-0.01053
MILEY,0.5482,-0.00972
MILEY,0.60242,-0.0089
MILEY,0.65541,-0.00809
MILEY,0.70652,-0.00729
MILEY,0.75516,-0.00652
MILEY,0.80073,-0.00577
MILEY,0.84269,-0.00506
MILEY,0.88053,-0.00437
MILEY,0.91379,-0.0037
MILEY,0.94205,-0.00302
MILEY,0.96496,-0.00228
MILEY,0.98232,-0.00147
MILEY,0.99393,-0.00073
MILEY,0.99942,-0.00014
MILEY,1.0,0.0
NACA0009,1.0,0.0
NACA0009,0.99572,0.00057
NACA0009,0.98296,0.00218
NACA0009,0.96194,0.00463
NACA0009,0.93301,0.0077
NACA0009,0.89668,0.01127
NACA0009,0.85355,0.01522
NACA0009,0.80438,0.01945
NACA0009,0.75,0.02384
NACA0009,0.69134,0.02823
NACA0009,0.62941,0.03247
NACA0009,0.56526,0.03638
NACA0009,0.5,0.03978
NACA0009,0.43474,0.04248
NACA0009,0.37059,0.04431
NACA0009,0.33928,0.04484
NACA0009,0.30866,0.04509
NACA0009,0.27886,0.04504
NACA0009,0.25,0.04466
NACA0009,0.22221,0.04397
NACA0009,0.19562,0.04295
NACA0009,0.17033,0.04161
NACA0009,0.14645,0.03994
NACA0009,0.12408,0.03795
NACA0009,0.10332,0.03564
NACA0009,0.08427,0.03305
NACA0009,0.06699,0.03023
NACA0009,0.05156,0.0272
NACA0009,0.03806,0.02395
NACA0009,0.02653,0.02039
NACA0009,0.01704,0.01646
NACA0009,0.00961,0.01214
NACA0009,0.00428,0.00767
NACA0009,0.00107,0.00349
NACA0009,0.0,0.0
NACA0009,0.00107,-0.00349
NACA0009,0.00428,-0.00767
NACA0009,0.00961,-0.01214
NACA0009,0.01704,-0.01646
NACA0009,0.02653,-0.02039
NACA0009,0.03806,-0.02395
NACA0009,0.05156,-0.0272
NACA0009,0.06699,-0.03023
NACA0009,0.08427,-0.03305
NACA0009,0.10332,-0.03564
NACA0009,0.12408,-0.03795
NACA0009,0.14645,-0.03994
NACA0009,0.17033,-0.04161
NACA0009,0.19562,-0.04295
NACA0009,0.22221,-0.04397
NACA0009,0.25,-0.04466
NACA0009,0.27886,-0.04504
NACA0009,0.30866,-0.04509
NACA0009,0.33928,-0.04484
NACA0009,0.37059,-0.04431
NACA0009,0.43474,-0.04248
NACA0009,0.5,-0.03978
NACA0009,0.56526,-0.03638
NACA0009,0.62941,-0.03247
NACA0009,0.69134,-0.02823
NACA0009,0.75,-0.02384
NACA0009,0.80438,-0.01945
NACA0009,0.85355,-0.01522
NACA0009,0.89668,-0.01127
NACA0009,0.93301,-0.0077
NACA0009,0.96194,-0.00463
NACA0009,0.98296,-0.00218
NACA0009,0.99572,-0.00057
NACA0009,1.0,0.0
NACA2411,1.0,0.0
NACA2411,0.9973,0.00059
NACA2411,0.98918,0.00235
NACA2411,0.97578,0.0052
NACA2411,0.9572,0.00906
NACA2411,0.93365,0.0138
NACA2411,0.90535,0.01927
NACA2411,0.8726,0.02532
NACA2411,0.83577,0.03175
NACA2411,0.7952,0.03839
NACA2411,0.75138,0.04506
NACA2411,0.70475,0.05158
NACA2411,0.65583,0.05777
NACA2411,0.60513,0.06347
NACA2411,0.55322,0.06852
NACA2411,0.50067,0.07276
NACA2411,0.44807,0.07606
NACA2411,0.39597,0.0783
NACA2411,0.34455,0.07912
NACA2411,0.29485,0.07831
NACA2411,0.24745,0.07588
NACA2411,0.20292,0.07193
NACA2411,0.16175,0.06659
NACA2411,0.12448,0.06006
NACA2411,0.09148,0.05253
NACA2411,0.06317,0.04427
NACA2411,0.03985,0.03553
NACA2411,0.0217,0.02654
NACA2411,0.00897,0.01752
NACA2411,0.00172,0.00862
NACA2411,0.0,0.0
NACA2411,0.00375,-0.00794
NACA2411,0.0129,-0.01483
NACA2411,0.02723,-0.02061
NACA2411,0.04662,-0.02531
NACA2411,0.0708,-0.02893
NACA2411,0.09948,-0.03151
NACA2411,0.13238,-0.0331
NACA2411,0.16912,-0.03379
NACA2411,0.20932,-0.03368
NACA2411,0.25255,-0.03291
NACA2411,0.29842,-0.03165
NACA2411,0.34642,-0.03005
NACA2411,0.39612,-0.0283
NACA2411,0.4474,-0.02637
NACA2411,0.49933,-0.02415
NACA2411,0.55132,-0.02174
NACA2411,0.6028,-0.01925
NACA2411,0.6532,-0.01677
NACA2411,0.70198,-0.01436
NACA2411,0.74862,-0.01208
NACA2411,0.79257,-0.00994
NACA2411,0.83337,-0.00798
NACA2411,0.87053,-0.00621
NACA2411,0.90368,-0.00463
NACA2411,0.93238,-0.00326
NACA2411,0.95633,-0.00211
NACA2411,0.97528,-0.0012
NACA2411,0.98895,-0.00054
NACA2411,0.99723,-0.00013
NACA2411,1.0,0.0
NACA6409,1.0,0.0
NACA6409,0.99732,0.00084
NACA6409,0.9893,0.00333
NACA6409,0.97603,0.00737
NACA6409,0.9576,0.01284
NACA6409,0.93423,0.01954
NACA6409,0.90615,0.02724
NACA6409,0.87357,0.03571
NACA6409,0.8369,0.04464
NACA6409,0.79647,0.05378
NACA6409,0.75272,0.06283
NACA6409,0.70608,0.07153
NACA6409,0.6571,0.07961
NACA6409,0.60627,0.08684
NACA6409,0.55413,0.09302
NACA6409,0.50132,0.09796
NACA6409,0.4484,0.10152
NACA6409,0.3959,0.1036
NACA6409,0.34367,0.10352
NACA6409,0.29315,0.10086
NACA6409,0.24502,0.09584
NACA6409,0.19988,0.08874
NACA6409,0.1583,0.07992
NACA6409,0.1208,0.06982
NACA6409,0.0878,0.05889
NACA6409,0.05968,0.04762
NACA6409,0.03677,0.03646
NACA6409,0.0192,0.02581
NACA6409,0.0072,0.01603
NACA6409,0.0008,0.00737
NACA6409,0.0,0.0
NACA6409,0.00467,-0.00573
NACA6409,0.01467,-0.00956
NACA6409,0.02973,-0.01157
NACA6409,0.0497,-0.01192
NACA6409,0.07428,-0.0108
NACA6409,0.10317,-0.00844
NACA6409,0.13607,-0.00513
NACA6409,0.17257,-0.00119
NACA6409,0.21235,0.00307
NACA6409,0.25498,0.00729
NACA6409,0.30012,0.01112
NACA6409,0.3473,0.01425
NACA6409,0.39618,0.01639
NACA6409,0.44707,0.01772
NACA6409,0.49868,0.01871
NACA6409,0.5504,0.01925
NACA6409,0.60167,0.01929
NACA6409,0.65193,0.0188
NACA6409,0.70065,0.0178
NACA6409,0.74728,0.01634
NACA6409,0.7913,0.01451
NACA6409,0.83223,0.01241
NACA6409,0.86957,0.01017
NACA6409,0.90288,0.00791
NACA6409,0.9318,0.00576
NACA6409,0.95593,0.00383
NACA6409,0.97503,0.00221
NACA6409,0.98883,0.00101
NACA6409,0.99722,0.00025
NACA6409,1.0,0.0
RG15,1.0,0.0
RG15,0.99671,0.00054
RG15,0.98726,0.00229
RG15,0.97237,0.00514
RG15,0.95248,0.00865
RG15,0.92764,0.01254
RG15,0.8981,0.01685
RG15,0.86427,0.02152
RG15,0.8266,0.02644
RG15,0.78557,0.03149
RG15,0.74165,0.03654
RG15,0.69537,0.04146
RG15,0.64723,0.04612
RG15,0.59778,0.05039
RG15,0.54753,0.05414
RG15,0.49702,0.05727
RG15,0.44676,0.05966
RG15,0.39727,0.06123
RG15,0.34902,0.0619
RG15,0.30248,0.06162
RG15,0.25809,0.06036
RG15,0.21624,0.0581
RG15,0.1773,0.05486
RG15,0.14161,0.05068
RG15,0.10945,0.04564
RG15,0.08108,0.03985
RG15,0.05673,0.03343
RG15,0.03658,0.02654
RG15,0.02076,0.01935
RG15,0.00932,0.01214
RG15,0.00235,0.00526
RG15,0.0,0.0
RG15,0.00336,-0.00534
RG15,0.01247,-0.01006
RG15,0.0267,-0.01436
RG15,0.04596,-0.01811
RG15,0.0701,-0.02123
RG15,0.09896,-0.02372
RG15,0.13224,-0.02559
RG15,0.16963,-0.02688
RG15,0.21073,-0.02762
RG15,0.25509,-0.02785
RG15,0.30221,-0.02762
RG15,0.35156,-0.02696
RG15,0.40257,-0.0259
RG15,0.45463,-0.02446
RG15,0.50713,-0.02262
RG15,0.55944,-0.02025
RG15,0.61128,-0.01717
RG15,0.66244,-0.01366
RG15,0.71237,-0.01015
RG15,0.76037,-0.00691
RG15,0.80575,-0.00413
RG15,0.84779,-0.00192
RG15,0.88583,-0.00034
RG15,0.91925,0.00062
RG15,0.94748,0.00101
RG15,0.97003,0.00097
RG15,0.98652,0.00064
RG15,0.9966,0.00021
RG15,1.0,0.0
S2048,1.0,0.0
S2048,0.99671,0.00045
S2048,0.9871,0.00196
S2048,0.97174,0.0047
S2048,0.95126,0.00855
S2048,0.92617,0.0132
S2048,0.89683,0.01825
S2048,0.86343,0.02345
S2048,0.82623,0.02877
S2048,0.78572,0.03418
S2048,0.74243,0.03954
S2048,0.69691,0.04467
S2048,0.64968,0.04934
S2048,0.60115,0.05332
S2048,0.55171,0.05649
S2048,0.50176,0.05879
S2048,0.45172,0.06025
S2048,0.40212,0.06093
S2048,0.3535,0.06086
S2048,0.3064,0.06004
S2048,0.26132,0.05849
S2048,0.21878,0.05621
S2048,0.17925,0.05318
S2048,0.14319,0.04935
S2048,0.11087,0.04457
S2048,0.08232,0.03887
S2048,0.05765,0.03256
S2048,0.03715,0.0259
S2048,0.02106,0.01905
S2048,0.0095,0.01218
S2048,0.00249,0.00552
S2048,1e-05,-0.00028
S2048,0.00307,-0.00506
S2048,0.012,-0.00943
S2048,0.02603,-0.01339
S2048,0.04518,-0.01667
S2048,0.06942,-0.01934
S2048,0.09852,-0.02152
S2048,0.1321,-0.02327
S2048,0.16972,-0.02461
S2048,0.21096,-0.02553
S2048,0.25531,-0.026
S2048,0.30225,-0.026
S2048,0.35127,-0.02546
S2048,0.40189,-0.02432
S2048,0.45363,-0.0226
S2048,0.50596,-0.0203
S2048,0.55846,-0.01736
S2048,0.61084,-0.01395
S2048,0.6626,-0.01049
S2048,0.71302,-0.00724
S2048,0.76139,-0.00439
S2048,0.807,-0.00208
S2048,0.84914,-0.0004
S2048,0.88712,0.00067
S2048,0.92036,0.0012
S2048,0.94833,0.00127
S2048,0.97059,0.00102
S2048,0.98681,0.0006
S2048,0.99669,0.00018
S2048,1.00001,0.0
S2055,1.0,0.0
S2055,0.9967,0.00037
S2055,0.98702,0.00164
S2055,0.9715,0.004
S2055,0.95075,0.00738
S2055,0.92529,0.01151
S2055,0.89548,0.01607
S2055,0.86156,0.02081
S2055,0.82383,0.02571
S2055,0.78279,0.03074
S2055,0.73898,0.03577
S2055,0.69297,0.04061
S2055,0.64527,0.04504
S2055,0.59634,0.04884
S2055,0.54654,0.05187
S2055,0.49629,0.05408
S2055,0.44602,0.05552
S2055,0.39625,0.05623
S2055,0.34755,0.05624
S2055,0.30044,0.05557
S2055,0.25546,0.0542
S2055,0.2131,0.05215
S2055,0.17385,0.04939
S2055,0.13818,0.04585
S2055,0.10633,0.04135
S2055,0.0783,0.03594
S2055,0.05421,0.02992
S2055,0.03433,0.02356
S2055,0.0189,0.01704
S2055,0.00803,0.01051
S2055,0.00174,0.00423
S2055,0.00012,-0.00101
S2055,0.00403,-0.00537
S2055,0.01374,-0.00952
S2055,0.02855,-0.01321
S2055,0.04846,-0.0162
S2055,0.07349,-0.01855
S2055,0.10338,-0.02043
S2055,0.13776,-0.02187
S2055,0.17622,-0.02292
S2055,0.21835,-0.02358
S2055,0.26365,-0.0239
S2055,0.31161,-0.02387
S2055,0.36169,-0.02354
S2055,0.41332,-0.02293
S2055,0.46591,-0.02205
S2055,0.51885,-0.02092
S2055,0.57154,-0.01955
S2055,0.62337,-0.01794
S2055,0.67376,-0.01604
S2055,0.72225,-0.0138
S2055,0.76843,-0.0113
S2055,0.81187,-0.0087
S2055,0.8521,-0.00617
S2055,0.88861,-0.00389
S2055,0.92087,-0.00205
S2055,0.94834,-0.00075
S2055,0.97046,-3e-05
S2055,0.98671,0.00019
S2055,0.99666,9e-05
S2055,1.00001,0.0
S2091,1.0,0.0
S2091,0.99674,0.00035
S2091,0.98707,0.0015
S2091,0.97126,0.00367
S2091,0.9497,0.00699
S2091,0.92292,0.0115
S2091,0.89147,0.01713
S2091,0.85595,0.02373
S2091,0.81694,0.03107
S2091,0.77501,0.03888
S2091,0.73071,0.04688
S2091,0.68455,0.05478
S2091,0.63701,0.06231
S2091,0.58856,0.0692
S2091,0.53966,0.07525
S2091,0.49073,0.08028
S2091,0.4422,0.08415
S2091,0.3945,0.08676
S2091,0.34805,0.08804
S2091,0.30323,0.08793
S2091,0.26043,0.08643
S2091,0.22002,0.08355
S2091,0.18232,0.07933
S2091,0.14765,0.07381
S2091,0.11622,0.06708
S2091,0.08823,0.05927
S2091,0.06384,0.05059
S2091,0.0432,0.0413
S2091,0.02645,0.03168
S2091,0.01374,0.02204
S2091,0.00517,0.01269
S2091,0.00076,0.00401
S2091,0.00058,-0.00312
S2091,0.00575,-0.00864
S2091,0.01662,-0.01315
S2091,0.03263,-0.01645
S2091,0.05397,-0.01844
S2091,0.08063,-0.01935
S2091,0.11237,-0.01939
S2091,0.14884,-0.01872
S2091,0.1896,-0.0175
S2091,0.23417,-0.0158
S2091,0.28206,-0.01373
S2091,0.33272,-0.01141
S2091,0.38556,-0.00894
S2091,0.43996,-0.00642
S2091,0.49529,-0.00397
S2091,0.5509,-0.0017
S2091,0.60607,0.00025
S2091,0.66007,0.00182
S2091,0.71218,0.00296
S2091,0.76169,0.00367
S2091,0.80796,0.00397
S2091,0.85037,0.00391
S2091,0.88835,0.00354
S2091,0.92142,0.00295
S2091,0.94912,0.00222
S2091,0.9711,0.00144
S2091,0.98706,0.00073
S2091,0.99675,0.0002
S2091,1.00001,0.0
S3010,1.0,0.0
S3010,0.99674,0.00027
S3010,0.98706,0.00118
S3010,0.97122,0.00293
S3010,0.94959,0.00564
S3010,0.92264,0.00936
S3010,0.8909,0.01405
S3010,0.85493,0.0196
S3010,0.81531,0.02585
S3010,0.77261,0.03259
S3010,0.72739,0.03958
S3010,0.68021,0.04658
S3010,0.63158,0.05337
S3010,0.58203,0.05971
S3010,0.53204,0.06541
S3010,0.48213,0.07029
S3010,0.43275,0.07422
S3010,0.38438,0.07706
S3010,0.3375,0.0787
S3010,0.2925,0.07902
S3010,0.2497,0.07796
S3010,0.20944,0.07556
S3010,0.17206,0.07184
S3010,0.13785,0.06689
S3010,0.10706,0.06076
S3010,0.0799,0.0536
S3010,0.05655,0.04556
S3010,0.03713,0.03683
S3010,0.02173,0.02766
S3010,0.01042,0.01835
S3010,0.00319,0.00927
S3010,5e-05,0.001
S3010,0.00181,-0.00543
S3010,0.00932,-0.01048
S3010,0.02239,-0.01506
S3010,0.04061,-0.01894
S3010,0.06381,-0.02203
S3010,0.0918,-0.02427
S3010,0.12435,-0.02567
S3010,0.16119,-0.02625
S3010,0.202,-0.0261
S3010,0.24635,-0.02531
S3010,0.29376,-0.02399
S3010,0.34371,-0.02221
S3010,0.39565,-0.02009
S3010,0.44899,-0.01769
S3010,0.50312,-0.01514
S3010,0.55743,-0.01252
S3010,0.61127,-0.00994
S3010,0.66399,-0.00749
S3010,0.71495,-0.00526
S3010,0.7635,-0.00332
S3010,0.80901,-0.00172
S3010,0.85087,-0.00051
S3010,0.88851,0.00031
S3010,0.9214,0.00075
S3010,0.94905,0.00086
S3010,0.97104,0.00072
S3010,0.98703,0.00042
S3010,0.99674,0.00013
S3010,1.0,0.0
S3014,1.0,0.0
S3014,0.99663,0.00021
S3014,0.98667,0.00099
S3014,0.97044,0.00264
S3014,0.9484,0.00532
S3014,0.92108,0.00911
S3014,0.88906,0.01394
S3014,0.85297,0.0197
S3014,0.81342,0.02617
S3014,0.77104,0.0331
S3014,0.72642,0.04012
S3014,0.68001,0.04685
S3014,0.63214,0.05301
S3014,0.58321,0.0585
S3014,0.53368,0.06322
S3014,0.48405,0.06704
S3014,0.43477,0.06988
S3014,0.38629,0.07166
S3014,0.33908,0.07235
S3014,0.29354,0.07192
S3014,0.25011,0.07043
S3014,0.20924,0.0679
S3014,0.17136,0.06434
S3014,0.13682,0.05971
S3014,0.10585,0.05403
S3014,0.07864,0.04741
S3014,0.05535,0.03997
S3014,0.03607,0.0319
S3014,0.02088,0.02344
S3014,0.00978,0.01492
S3014,0.00278,0.00682
S3014,0.0,-3e-05
S3014,0.00284,-0.00526
S3014,0.01183,-0.00972
S3014,0.0261,-0.01383
S3014,0.04545,-0.01731
S3014,0.06973,-0.02006
S3014,0.09879,-0.02204
S3014,0.13239,-0.02329
S3014,0.17024,-0.02386
S3014,0.21197,-0.02385
S3014,0.25713,-0.02335
S3014,0.3052,-0.02244
S3014,0.35564,-0.0212
S3014,0.40787,-0.0197
S3014,0.46129,-0.01801
S3014,0.51527,-0.0162
S3014,0.5692,-0.01433
S3014,0.62242,-0.01246
S3014,0.67431,-0.01064
S3014,0.72423,-0.00893
S3014,0.77158,-0.00736
S3014,0.81577,-0.00595
S3014,0.85625,-0.00472
S3014,0.8925,-0.00367
S3014,0.92405,-0.00277
S3014,0.95049,-0.00199
S3014,0.97151,-0.00124
S3014,0.98699,-0.00052
S3014,0.99668,-0.0001
S3014,1.00001,0.0
S3016,1.0,0.0
S3016,0.99664,0.00017
S3016,0.98669,0.00085
S3016,0.97048,0.00233
S3016,0.94843,0.00476
S3016,0.92107,0.00821
S3016,0.88898,0.01266
S3016,0.85274,0.01798
S3016,0.81299,0.024
S3016,0.77035,0.03047
S3016,0.72541,0.03706
S3016,0.67865,0.04337
S3016,0.6304,0.04917
S3016,0.58106,0.05437
S3016,0.53112,0.05885
S3016,0.48109,0.06252
S3016,0.43144,0.06528
S3016,0.38265,0.06707
S3016,0.33517,0.06783
S3016,0.28946,0.06755
S3016,0.24593,0.06624
S3016,0.20504,0.06396
S3016,0.16726,0.06066
S3016,0.13288,0.05631
S3016,0.10216,0.05092
S3016,0.07529,0.04459
S3016,0.0524,0.03743
S3016,0.03358,0.02964
S3016,0.01892,0.02146
S3016,0.00839,0.01321
S3016,0.00203,0.00544
S3016,7e-05,-0.00095
S3016,0.00391,-0.00606
S3016,0.01386,-0.01088
S3016,0.02891,-0.01543
S3016,0.04888,-0.01941
S3016,0.07362,-0.02271
S3016,0.10296,-0.02526
S3016,0.13666,-0.02705
S3016,0.17444,-0.02807
S3016,0.21598,-0.02839
S3016,0.26085,-0.0281
S3016,0.30857,-0.02729
S3016,0.35862,-0.02604
S3016,0.41044,-0.02442
S3016,0.46345,-0.02251
S3016,0.51705,-0.0204
S3016,0.57061,-0.01816
S3016,0.62352,-0.01588
S3016,0.67514,-0.01363
S3016,0.72484,-0.01147
S3016,0.77202,-0.00946
S3016,0.81607,-0.00763
S3016,0.85645,-0.00602
S3016,0.89264,-0.00462
S3016,0.92414,-0.00344
S3016,0.95055,-0.00242
S3016,0.97154,-0.00148
S3016,0.987,-0.00063
S3016,0.99668,-0.00012
S3016,1.0,0.0
S3021,1.0,0.0
S3021,0.99663,0.00039
S3021,0.98679,0.00172
S3021,0.97104,0.00419
S3021,0.94996,0.00769
S3021,0.92398,0.01193
S3021,0.89336,0.0167
S3021,0.8584,0.02198
S3021,0.81959,0.02776
S3021,0.77748,0.03393
S3021,0.73266,0.04038
S3021,0.68572,0.04694
S3021,0.6373,0.05341
S3021,0.58801,0.05954
S3021,0.53839,0.06504
S3021,0.48891,0.06964
S3021,0.43996,0.07312
S3021,0.3919,0.07536
S3021,0.34513,0.07632
S3021,0.29999,0.07596
S3021,0.25685,0.07433
S3021,0.21611,0.07151
S3021,0.17816,0.06753
S3021,0.14331,0.06243
S3021,0.11182,0.05631
S3021,0.08392,0.0493
S3021,0.05983,0.04156
S3021,0.03968,0.03329
S3021,0.02358,0.02472
S3021,0.0116,0.01615
S3021,0.00374,0.00799
S3021,8e-05,0.00099
S3021,0.00191,-0.00427
S3021,0.00984,-0.00852
S3021,0.0232,-0.01232
S3021,0.04178,-0.01547
S3021,0.06542,-0.01789
S3021,0.09395,-0.01957
S3021,0.12712,-0.02053
S3021,0.16464,-0.02085
S3021,0.20614,-0.02059
S3021,0.25118,-0.01986
S3021,0.29928,-0.01876
S3021,0.34988,-0.01742
S3021,0.40237,-0.01592
S3021,0.45612,-0.01433
S3021,0.51047,-0.01273
S3021,0.56476,-0.01115
S3021,0.61834,-0.00963
S3021,0.67056,-0.00821
S3021,0.72079,-0.0069
S3021,0.7684,-0.0057
S3021,0.81283,-0.00462
S3021,0.85355,-0.00365
S3021,0.89005,-0.00278
S3021,0.92187,-0.00193
S3021,0.94876,-0.00107
S3021,0.97048,-0.00035
S3021,0.9866,3e-05
S3021,0.99661,6e-05
S3021,1.00001,0.0
S4061,1.0,0.0
S4061,0.99675,0.00034
S4061,0.98709,0.00147
S4061,0.97129,0.00363
S4061,0.94977,0.00698
S4061,0.92304,0.01156
S4061,0.89171,0.01729
S4061,0.85637,0.02403
S4061,0.81765,0.03151
S4061,0.7761,0.03945
S4061,0.73227,0.04752
S4061,0.68665,0.05541
S4061,0.63971,0.06283
S4061,0.59189,0.06949
S4061,0.54359,0.07519
S4061,0.49522,0.07974
S4061,0.44716,0.08301
S4061,0.39979,0.08491
S4061,0.35348,0.08542
S4061,0.30862,0.08453
S4061,0.26554,0.08227
S4061,0.2246,0.07876
S4061,0.18619,0.07414
S4061,0.15074,0.06848
S4061,0.11855,0.06186
S4061,0.08988,0.05437
S4061,0.06493,0.04616
S4061,0.04385,0.03741
S4061,0.02676,0.02838
S4061,0.0138,0.01937
S4061,0.00502,0.01069
S4061,0.00046,0.00283
S4061,0.00079,-0.0032
S4061,0.00681,-0.00787
S4061,0.01835,-0.01209
S4061,0.03499,-0.01545
S4061,0.05666,-0.0178
S4061,0.08329,-0.01907
S4061,0.11475,-0.01932
S4061,0.15086,-0.01864
S4061,0.1913,-0.01724
S4061,0.23566,-0.01527
S4061,0.28346,-0.01291
S4061,0.33414,-0.01034
S4061,0.38708,-0.00771
S4061,0.44161,-0.00516
S4061,0.49704,-0.00279
S4061,0.55267,-0.00069
S4061,0.60777,0.00107
S4061,0.66164,0.00245
S4061,0.71357,0.00342
S4061,0.76289,0.004
S4061,0.80895,0.00419
S4061,0.85115,0.00405
S4061,0.88894,0.00363
S4061,0.92184,0.00301
S4061,0.9494,0.00225
S4061,0.97127,0.00146
S4061,0.98714,0.00074
S4061,0.99678,0.0002
S4061,1.00001,0.0
S4062,1.0,0.0
S4062,0.99671,0.00041
S4062,0.98696,0.00178
S4062,0.97107,0.00438
S4062,0.94954,0.00836
S4062,0.92297,0.01374
S4062,0.892,0.02036
S4062,0.85727,0.02799
S4062,0.81936,0.03628
S4062,0.77881,0.04487
S4062,0.73609,0.05339
S4062,0.69165,0.06147
S4062,0.64586,0.06881
S4062,0.59909,0.07513
S4062,0.55168,0.08024
S4062,0.50397,0.08399
S4062,0.45626,0.0863
S4062,0.40887,0.08717
S4062,0.36217,0.08673
S4062,0.31661,0.0851
S4062,0.27271,0.08239
S4062,0.23092,0.07864
S4062,0.19171,0.07393
S4062,0.1555,0.06828
S4062,0.12259,0.06173
S4062,0.09326,0.05435
S4062,0.06769,0.04627
S4062,0.04604,0.03765
S4062,0.02843,0.02876
S4062,0.01499,0.01986
S4062,0.00578,0.01124
S4062,0.00081,0.00339
S4062,0.00061,-0.00262
S4062,0.00608,-0.00725
S4062,0.01719,-0.01145
S4062,0.03342,-0.01482
S4062,0.0547,-0.01716
S4062,0.08097,-0.01844
S4062,0.11211,-0.01868
S4062,0.14793,-0.018
S4062,0.18813,-0.01659
S4062,0.23229,-0.01462
S4062,0.27993,-0.01224
S4062,0.33049,-0.00965
S4062,0.38336,-0.007
S4062,0.43788,-0.00441
S4062,0.49336,-0.00199
S4062,0.54909,0.00015
S4062,0.60436,0.00196
S4062,0.65845,0.00337
S4062,0.71066,0.00437
S4062,0.76031,0.00495
S4062,0.80673,0.00511
S4062,0.84932,0.00491
S4062,0.88751,0.00439
S4062,0.92078,0.00364
S4062,0.94869,0.00273
S4062,0.97086,0.00178
S4062,0.98695,0.0009
S4062,0.99673,0.00025
S4062,1.0,0.0
S4180,1.0,0.0
S4180,0.99684,0.00036
S4180,0.98746,0.00156
S4180,0.97208,0.00376
S4180,0.95106,0.00702
S4180,0.92482,0.01132
S4180,0.89384,0.01661
S4180,0.85861,0.02279
S4180,0.8197,0.02971
S4180,0.77768,0.03718
S4180,0.73313,0.04497
S4180,0.6866,0.0528
S4180,0.63859,0.06041
S4180,0.58961,0.06761
S4180,0.54018,0.0742
S4180,0.49082,0.07996
S4180,0.44203,0.08471
S4180,0.39426,0.08828
S4180,0.34797,0.09049
S4180,0.30354,0.09117
S4180,0.26125,0.09017
S4180,0.22126,0.08751
S4180,0.18382,0.08329
S4180,0.14915,0.0777
S4180,0.11756,0.07095
S4180,0.08934,0.06322
S4180,0.06475,0.05468
S4180,0.04398,0.04553
S4180,0.02725,0.03596
S4180,0.01466,0.02605
S4180,0.00607,0.01606
S4180,0.00129,0.00643
S4180,0.00016,-0.002
S4180,0.00377,-0.00814
S4180,0.01306,-0.01234
S4180,0.02779,-0.01523
S4180,0.04791,-0.01669
S4180,0.07351,-0.0168
S4180,0.10453,-0.01584
S4180,0.14066,-0.01416
S4180,0.1814,-0.01201
S4180,0.22624,-0.00956
S4180,0.2746,-0.00696
S4180,0.32586,-0.00432
S4180,0.37937,-0.00177
S4180,0.43446,0.00061
S4180,0.49043,0.00274
S4180,0.54659,0.00456
S4180,0.60221,0.00602
S4180,0.65661,0.00709
S4180,0.70909,0.00775
S4180,0.75899,0.00801
S4180,0.80565,0.00787
S4180,0.84849,0.00736
S4180,0.88694,0.00652
S4180,0.92048,0.00541
S4180,0.94864,0.00407
S4180,0.97094,0.00263
S4180,0.98704,0.00131
S4180,0.99676,0.00035
S4180,1.00001,-0.0
S4233,1.0,0.0
S4233,0.9965,0.00042
S4233,0.98618,0.00186
S4233,0.96949,0.00461
S4233,0.94698,0.00881
S4233,0.91927,0.01444
S4233,0.88703,0.02138
S4233,0.85089,0.02939
S4233,0.81146,0.03817
S4233,0.76933,0.0474
S4233,0.72503,0.05674
S4233,0.67908,0.06585
S4233,0.63196,0.07443
S4233,0.58414,0.08218
S4233,0.53609,0.08881
S4233,0.4882,0.09405
S4233,0.44078,0.0977
S4233,0.39411,0.09969
S4233,0.34856,0.10001
S4233,0.3045,0.09867
S4233,0.26227,0.0957
S4233,0.22218,0.09118
S4233,0.18457,0.08523
S4233,0.14971,0.07798
S4233,0.11788,0.06963
S4233,0.08934,0.0604
S4233,0.06437,0.05055
S4233,0.04319,0.04033
S4233,0.02602,0.02999
S4233,0.013,0.01986
S4233,0.00433,0.01032
S4233,0.00017,0.00183
S4233,0.00156,-0.00488
S4233,0.00916,-0.01058
S4233,0.02237,-0.01621
S4233,0.04069,-0.02144
S4233,0.06388,-0.02609
S4233,0.09171,-0.03003
S4233,0.12392,-0.03321
S4233,0.16018,-0.03559
S4233,0.20013,-0.03714
S4233,0.24338,-0.03782
S4233,0.2895,-0.03768
S4233,0.33802,-0.03672
S4233,0.38846,-0.03497
S4233,0.44032,-0.03249
S4233,0.49308,-0.02934
S4233,0.54626,-0.02558
S4233,0.59939,-0.02139
S4233,0.652,-0.01703
S4233,0.70342,-0.01286
S4233,0.7529,-0.0091
S4233,0.79967,-0.00592
S4233,0.843,-0.00337
S4233,0.8822,-0.00149
S4233,0.91665,-0.00026
S4233,0.94576,0.0004
S4233,0.96905,0.00058
S4233,0.98608,0.00043
S4233,0.9965,0.00014
S4233,1.00001,0.0
SD2030,1.0,0.0
SD2030,0.99665,0.00049
SD2030,0.98686,0.00212
SD2030,0.97128,0.0051
SD2030,0.95059,0.0093
SD2030,0.92535,0.01438
SD2030,0.89593,0.01992
SD2030,0.86252,0.02564
SD2030,0.82542,0.0315
SD2030,0.78512,0.03742
SD2030,0.74219,0.0432
SD2030,0.69709,0.04856
SD2030,0.65019,0.05328
SD2030,0.60189,0.05724
SD2030,0.55259,0.06038
SD2030,0.50273,0.06268
SD2030,0.45282,0.06415
SD2030,0.40336,0.06478
SD2030,0.35488,0.0646
SD2030,0.30788,0.0636
SD2030,0.26288,0.06179
SD2030,0.22034,0.05917
SD2030,0.18069,0.05576
SD2030,0.14432,0.05157
SD2030,0.11158,0.04664
SD2030,0.08273,0.041
SD2030,0.05798,0.03475
SD2030,0.03752,0.02803
SD2030,0.0215,0.02096
SD2030,0.00995,0.01371
SD2030,0.00281,0.00657
SD2030,0.0,0.00017
SD2030,0.00249,-0.00501
SD2030,0.01071,-0.00935
SD2030,0.02419,-0.01306
SD2030,0.04296,-0.01601
SD2030,0.06693,-0.01829
SD2030,0.09584,-0.01997
SD2030,0.12941,-0.02113
SD2030,0.16727,-0.02183
SD2030,0.20896,-0.02213
SD2030,0.25401,-0.02207
SD2030,0.30191,-0.0217
SD2030,0.35208,-0.02106
SD2030,0.40396,-0.02018
SD2030,0.45693,-0.01908
SD2030,0.51038,-0.0178
SD2030,0.56368,-0.01634
SD2030,0.61621,-0.01471
SD2030,0.66738,-0.01286
SD2030,0.7167,-0.01076
SD2030,0.76373,-0.00848
SD2030,0.80802,-0.00616
SD2030,0.84906,-0.00398
SD2030,0.88632,-0.0021
SD2030,0.91925,-0.00066
SD2030,0.94728,0.00024
SD2030,0.96985,0.00059
SD2030,0.98643,0.00049
SD2030,0.99659,0.00017
SD2030,1.00001,0.0
SD2083,1.0,0.0
SD2083,0.99669,0.00035
SD2083,0.98686,0.00152
SD2083,0.97089,0.00374
SD2083,0.94929,0.00716
SD2083,0.92265,0.01176
SD2083,0.89158,0.01741
SD2083,0.85666,0.02384
SD2083,0.81846,0.03078
SD2083,0.77745,0.03791
SD2083,0.73412,0.04489
SD2083,0.68886,0.05146
SD2083,0.64208,0.05737
SD2083,0.59415,0.06243
SD2083,0.54546,0.06655
SD2083,0.49645,0.06964
SD2083,0.44755,0.07162
SD2083,0.39913,0.07251
SD2083,0.35168,0.07236
SD2083,0.30568,0.07121
SD2083,0.2616,0.06908
SD2083,0.2199,0.06601
SD2083,0.18101,0.06203
SD2083,0.14532,0.05718
SD2083,0.11313,0.05143
SD2083,0.08464,0.04489
SD2083,0.06004,0.03772
SD2083,0.03952,0.0301
SD2083,0.02319,0.02224
SD2083,0.01113,0.0144
SD2083,0.00338,0.00698
SD2083,3e-05,0.0006
SD2083,0.0022,-0.00437
SD2083,0.01032,-0.00853
SD2083,0.02369,-0.01213
SD2083,0.04234,-0.01491
SD2083,0.06624,-0.01696
SD2083,0.09515,-0.01844
SD2083,0.12868,-0.01937
SD2083,0.16649,-0.01977
SD2083,0.20818,-0.0197
SD2083,0.25331,-0.01921
SD2083,0.30137,-0.01837
SD2083,0.35182,-0.01725
SD2083,0.40406,-0.01592
SD2083,0.4575,-0.01439
SD2083,0.51157,-0.01274
SD2083,0.56563,-0.01105
SD2083,0.61905,-0.00939
SD2083,0.67117,-0.00782
SD2083,0.72136,-0.00637
SD2083,0.76901,-0.00509
SD2083,0.8135,-0.00397
SD2083,0.85428,-0.00304
SD2083,0.89084,-0.00226
SD2083,0.9227,-0.00157
SD2083,0.94955,-0.00094
SD2083,0.97108,-0.00044
SD2083,0.98693,-0.00015
SD2083,0.9967,-4e-05
SD2083,1.00001,0.0
SD5060,1.0,0.0
SD5060,0.99678,0.00023
SD5060,0.9872,0.00102
SD5060,0.97149,0.00256
SD5060,0.95002,0.005
SD5060,0.92326,0.00838
SD5060,0.89173,0.01268
SD5060,0.856,0.01778
SD5060,0.81664,0.02351
SD5060,0.77422,0.02967
SD5060,0.72929,0.036
SD5060,0.68236,0.04227
SD5060,0.63396,0.04824
SD5060,0.58457,0.0537
SD5060,0.53465,0.05847
SD5060,0.48468,0.06239
SD5060,0.43508,0.06536
SD5060,0.38632,0.0673
SD5060,0.33882,0.06816
SD5060,0.29301,0.06793
SD5060,0.24931,0.06664
SD5060,0.20814,0.06433
SD5060,0.16992,0.06105
SD5060,0.13504,0.05683
SD5060,0.10383,0.05168
SD5060,0.07656,0.04565
SD5060,0.05343,0.03875
SD5060,0.03444,0.03104
SD5060,0.01954,0.0228
SD5060,0.00878,0.01443
SD5060,0.00223,0.00637
SD5060,3e-05,-0.00066
SD5060,0.00334,-0.00656
SD5060,0.01244,-0.01208
SD5060,0.02641,-0.01729
SD5060,0.04507,-0.02178
SD5060,0.06835,-0.02538
SD5060,0.09613,-0.02795
SD5060,0.12829,-0.02938
SD5060,0.16475,-0.02973
SD5060,0.20524,-0.0292
SD5060,0.24935,-0.02795
SD5060,0.29661,-0.02611
SD5060,0.34651,-0.02384
SD5060,0.39845,-0.02126
SD5060,0.45183,-0.01851
SD5060,0.50602,-0.01568
SD5060,0.56034,-0.01288
SD5060,0.61416,-0.0102
SD5060,0.6668,-0.00772
SD5060,0.7176,-0.00551
SD5060,0.76592,-0.00361
SD5060,0.81113,-0.00206
SD5060,0.85265,-0.00089
SD5060,0.88992,-8e-05
SD5060,0.92244,0.00039
SD5060,0.94974,0.00057
SD5060,0.97144,0.00051
SD5060,0.98721,0.00032
SD5060,0.99679,0.0001
SD5060,1.00001,0.0
SD6060,1.0,0.0
SD6060,0.99661,0.00023
SD6060,0.9866,0.00108
SD6060,0.97033,0.00283
SD6060,0.94829,0.00559
SD6060,0.921,0.00941
SD6060,0.88905,0.01419
SD6060,0.85301,0.01977
SD6060,0.81346,0.02595
SD6060,0.77096,0.03248
SD6060,0.72602,0.03912
SD6060,0.67917,0.04563
SD6060,0.63091,0.05177
SD6060,0.58174,0.05738
SD6060,0.53222,0.06225
SD6060,0.48283,0.06606
SD6060,0.43386,0.06866
SD6060,0.38566,0.07003
SD6060,0.33862,0.0702
SD6060,0.29316,0.06922
SD6060,0.24976,0.06715
SD6060,0.20883,0.06402
SD6060,0.17076,0.05988
SD6060,0.13589,0.0548
SD6060,0.10456,0.04887
SD6060,0.077,0.04218
SD6060,0.05344,0.03486
SD6060,0.03399,0.0271
SD6060,0.01879,0.01913
SD6060,0.0079,0.01132
SD6060,0.00148,0.00411
SD6060,0.00025,-0.00159
SD6060,0.00495,-0.00647
SD6060,0.01525,-0.01148
SD6060,0.03068,-0.01612
SD6060,0.05114,-0.02025
SD6060,0.07648,-0.02381
SD6060,0.10645,-0.02678
SD6060,0.14078,-0.02919
SD6060,0.17909,-0.03105
SD6060,0.22096,-0.03238
SD6060,0.26592,-0.03321
SD6060,0.31347,-0.03354
SD6060,0.36306,-0.03338
SD6060,0.41413,-0.03273
SD6060,0.46614,-0.03159
SD6060,0.51852,-0.02995
SD6060,0.57073,-0.02784
SD6060,0.62223,-0.02527
SD6060,0.67254,-0.02231
SD6060,0.72116,-0.01906
SD6060,0.76761,-0.01568
SD6060,0.81133,-0.01236
SD6060,0.85176,-0.00922
SD6060,0.88838,-0.00638
SD6060,0.9207,-0.00399
SD6060,0.94818,-0.00214
SD6060,0.97032,-0.0009
SD6060,0.98661,-0.00024
SD6060,0.99662,-2e-05
SD6060,1.00001,0.0
SD6080,1.0,0.0
SD6080,0.99676,0.00037
SD6080,0.98716,0.00159
SD6080,0.97155,0.00383
SD6080,0.95032,0.00717
SD6080,0.92396,0.0116
SD6080,0.89301,0.01704
SD6080,0.85799,0.02332
SD6080,0.81945,0.03025
SD6080,0.77793,0.03758
SD6080,0.73396,0.04508
SD6080,0.68807,0.0525
SD6080,0.64077,0.0596
SD6080,0.59257,0.06613
SD6080,0.54399,0.07185
SD6080,0.49546,0.07646
SD6080,0.4473,0.0798
SD6080,0.39986,0.08176
SD6080,0.35351,0.08234
SD6080,0.30859,0.08154
SD6080,0.26547,0.07941
SD6080,0.22453,0.07607
SD6080,0.18616,0.0716
SD6080,0.15071,0.06609
SD6080,0.11851,0.05965
SD6080,0.08984,0.05238
SD6080,0.0649,0.04442
SD6080,0.04387,0.03595
SD6080,0.02684,0.0272
SD6080,0.01391,0.01844
SD6080,0.00509,0.01004
SD6080,0.00045,0.0026
SD6080,0.00082,-0.00296
SD6080,0.00692,-0.0071
SD6080,0.0186,-0.0106
SD6080,0.03565,-0.01322
SD6080,0.05796,-0.01494
SD6080,0.08539,-0.01581
SD6080,0.11771,-0.01592
SD6080,0.15462,-0.01539
SD6080,0.19573,-0.01433
SD6080,0.24059,-0.01285
SD6080,0.2887,-0.01109
SD6080,0.33948,-0.00916
SD6080,0.39233,-0.00717
SD6080,0.44662,-0.00519
SD6080,0.50168,-0.00334
SD6080,0.55682,-0.00166
SD6080,0.61136,-0.0002
SD6080,0.66463,0.00099
SD6080,0.71596,0.00189
SD6080,0.7647,0.0025
SD6080,0.81024,0.00282
SD6080,0.852,0.00287
SD6080,0.88944,0.00267
SD6080,0.92207,0.00228
SD6080,0.94944,0.00175
SD6080,0.97121,0.00118
SD6080,0.98707,0.00063
SD6080,0.99675,0.00018
SD6080,1.00001,0.0
SD7003,1.0,0.0
SD7003,0.99681,0.00031
SD7003,0.98745,0.00132
SD7003,0.97235,0.0031
SD7003,0.95193,0.00547
SD7003,0.92639,0.00824
SD7003,0.896,0.01139
SD7003,0.86112,0.01494
SD7003,0.82224,0.01884
SD7003,0.77985,0.02304
SD7003,0.73449,0.02744
SD7003,0.68673,0.03197
SD7003,0.63717,0.03649
SD7003,0.58641,0.04086
SD7003,0.53499,0.04494
SD7003,0.4835,0.04859
SD7003,0.43249,0.05171
SD7003,0.3825,0.05415
SD7003,0.33405,0.05581
SD7003,0.2876,0.05658
SD7003,0.24358,0.05639
SD7003,0.2024,0.05518
SD7003,0.16442,0.05292
SD7003,0.12993,0.04961
SD7003,0.09921,0.04526
SD7003,0.07244,0.03993
SD7003,0.04978,0.03372
SD7003,0.0313,0.02677
SD7003,0.01702,0.01932
SD7003,0.00697,0.01172
SD7003,0.00127,0.00438
SD7003,0.00025,-0.00186
SD7003,0.00457,-0.00741
SD7003,0.01408,-0.01285
SD7003,0.02839,-0.01759
SD7003,0.04763,-0.02141
SD7003,0.07182,-0.02438
SD7003,0.10073,-0.0266
SD7003,0.13407,-0.02809
SD7003,0.1715,-0.02888
SD7003,0.21268,-0.029
SD7003,0.25719,-0.02852
SD7003,0.30456,-0.02752
SD7003,0.35426,-0.02608
SD7003,0.40572,-0.02428
SD7003,0.45837,-0.02217
SD7003,0.51161,-0.0198
SD7003,0.56484,-0.01723
SD7003,0.61748,-0.0145
SD7003,0.66898,-0.01167
SD7003,0.71883,-0.00887
SD7003,0.76644,-0.00628
SD7003,0.81118,-0.00403
SD7003,0.85241,-0.0022
SD7003,0.88957,-0.00082
SD7003,0.9221,8e-05
SD7003,0.94952,0.00052
SD7003,0.97134,0.00057
SD7003,0.98718,0.00037
SD7003,0.99679,0.00011
SD7003,1.00001,0.0
SD7032,1.0,0.0
SD7032,0.99674,0.00048
SD7032,0.98712,0.00204
SD7032,0.97155,0.00485
SD7032,0.95054,0.00894
SD7032,0.92464,0.0142
SD7032,0.89436,0.02041
SD7032,0.86021,0.02731
SD7032,0.82264,0.0346
SD7032,0.78208,0.04199
SD7032,0.73892,0.04925
SD7032,0.69356,0.0562
SD7032,0.64646,0.0627
SD7032,0.59812,0.06861
SD7032,0.54902,0.07381
SD7032,0.49967,0.07816
SD7032,0.45058,0.08154
SD7032,0.40222,0.08385
SD7032,0.35506,0.085
SD7032,0.30953,0.08493
SD7032,0.26604,0.08359
SD7032,0.22499,0.08096
SD7032,0.18671,0.07703
SD7032,0.15146,0.07182
SD7032,0.11948,0.06548
SD7032,0.09105,0.05809
SD7032,0.06627,0.04976
SD7032,0.04524,0.04078
SD7032,0.02812,0.03145
SD7032,0.01502,0.02206
SD7032,0.00606,0.01293
SD7032,0.00115,0.00448
SD7032,0.00038,-0.00223
SD7032,0.00532,-0.00701
SD7032,0.01649,-0.01088
SD7032,0.03308,-0.01403
SD7032,0.05491,-0.01635
SD7032,0.0818,-0.01787
SD7032,0.11351,-0.01862
SD7032,0.14974,-0.01867
SD7032,0.1901,-0.0181
SD7032,0.2342,-0.01699
SD7032,0.28153,-0.01547
SD7032,0.33154,-0.01363
SD7032,0.38364,-0.01152
SD7032,0.43724,-0.00922
SD7032,0.49176,-0.00678
SD7032,0.54659,-0.0043
SD7032,0.60112,-0.0019
SD7032,0.65469,0.0003
SD7032,0.70664,0.00224
SD7032,0.75634,0.00379
SD7032,0.80313,0.00485
SD7032,0.84635,0.00535
SD7032,0.88534,0.00526
SD7032,0.91942,0.00458
SD7032,0.94797,0.0035
SD7032,0.97054,0.00226
SD7032,0.98684,0.00113
SD7032,0.9967,0.0003
SD7032,1.00001,0.0
SD7037,1.0,0.0
SD7037,0.99672,0.00042
SD7037,0.98707,0.0018
SD7037,0.97146,0.00436
SD7037,0.95041,0.00811
SD7037,0.9245,0.01295
SD7037,0.89425,0.01865
SD7037,0.86015,0.0249
SD7037,0.82261,0.03141
SD7037,0.78201,0.03788
SD7037,0.73865,0.04413
SD7037,0.69294,0.05011
SD7037,0.64539,0.05572
SD7037,0.59655,0.06085
SD7037,0.54693,0.06538
SD7037,0.49706,0.06917
SD7037,0.44745,0.07211
SD7037,0.39862,0.0741
SD7037,0.35101,0.07504
SD7037,0.30508,0.07488
SD7037,0.26125,0.07358
SD7037,0.21989,0.07113
SD7037,0.18137,0.06754
SD7037,0.14601,0.06286
SD7037,0.1141,0.05715
SD7037,0.08586,0.05049
SD7037,0.06146,0.043
SD7037,0.04102,0.03486
SD7037,0.02462,0.02632
SD7037,0.01232,0.0177
SD7037,0.00418,0.00936
SD7037,0.00021,0.00185
SD7037,0.00127,-0.00393
SD7037,0.00806,-0.00839
SD7037,0.02038,-0.01227
SD7037,0.038,-0.01541
SD7037,0.06074,-0.01777
SD7037,0.08844,-0.01934
SD7037,0.12084,-0.02017
SD7037,0.15765,-0.02032
SD7037,0.1985,-0.01987
SD7037,0.24296,-0.01891
SD7037,0.29055,-0.01754
SD7037,0.34071,-0.01586
SD7037,0.39288,-0.01396
SD7037,0.44643,-0.0119
SD7037,0.50074,-0.00976
SD7037,0.55519,-0.0076
SD7037,0.60914,-0.00549
SD7037,0.66197,-0.00349
SD7037,0.71305,-0.00168
SD7037,0.76178,-0.00014
SD7037,0.80752,0.00104
SD7037,0.84964,0.00182
SD7037,0.88756,0.0022
SD7037,0.92071,0.00218
SD7037,0.94859,0.00185
SD7037,0.97077,0.00132
SD7037,0.9869,0.00071
SD7037,0.99671,0.00021
SD7037,1.00001,0.0
SD7043,1.0,0.0
SD7043,0.99681,0.00046
SD7043,0.98736,0.00191
SD7043,0.97202,0.00451
SD7043,0.95121,0.00828
SD7043,0.92544,0.01315
SD7043,0.89522,0.01897
SD7043,0.86108,0.02553
SD7043,0.82351,0.03256
SD7043,0.78301,0.03979
SD7043,0.74004,0.0469
SD7043,0.695,0.05362
SD7043,0.64825,0.05974
SD7043,0.60019,0.06515
SD7043,0.55127,0.06975
SD7043,0.50199,0.07347
SD7043,0.45282,0.0762
SD7043,0.40422,0.07789
SD7043,0.35665,0.0785
SD7043,0.31056,0.07802
SD7043,0.26639,0.07645
SD7043,0.22457,0.07382
SD7043,0.18549,0.07015
SD7043,0.14954,0.06549
SD7043,0.11702,0.05989
SD7043,0.08821,0.0534
SD7043,0.06331,0.04612
SD7043,0.04249,0.03818
SD7043,0.02581,0.02975
SD7043,0.01334,0.02106
SD7043,0.00509,0.01236
SD7043,0.00083,0.00404
SD7043,0.00052,-0.00278
SD7043,0.00555,-0.0077
SD7043,0.01669,-0.0115
SD7043,0.03324,-0.01452
SD7043,0.05501,-0.01669
SD7043,0.08183,-0.01802
SD7043,0.11345,-0.01856
SD7043,0.14956,-0.01839
SD7043,0.18979,-0.01756
SD7043,0.23374,-0.01617
SD7043,0.28094,-0.01429
SD7043,0.33088,-0.01204
SD7043,0.38302,-0.00951
SD7043,0.43678,-0.00683
SD7043,0.49153,-0.00412
SD7043,0.54665,-0.00148
SD7043,0.60146,0.00096
SD7043,0.6553,0.00311
SD7043,0.70751,0.00487
SD7043,0.7574,0.00615
SD7043,0.8043,0.00688
SD7043,0.84755,0.00703
SD7043,0.8865,0.00654
SD7043,0.92047,0.00546
SD7043,0.94881,0.004
SD7043,0.9711,0.00248
SD7043,0.98713,0.00119
SD7043,0.99678,0.00031
SD7043,1.00001,0.0
SD7062,1.0,0.0
SD7062,0.99652,0.00057
SD7062,0.98634,0.00242
SD7062,0.97004,0.00571
SD7062,0.94818,0.01036
SD7062,0.92127,0.01615
SD7062,0.88967,0.02289
SD7062,0.85381,0.03049
SD7062,0.81427,0.03885
SD7062,0.77166,0.04778
SD7062,0.72662,0.05702
SD7062,0.67973,0.06626
SD7062,0.63154,0.07517
SD7062,0.58254,0.08347
SD7062,0.53322,0.09089
SD7062,0.48402,0.09723
SD7062,0.4354,0.10229
SD7062,0.38779,0.10592
SD7062,0.34159,0.10801
SD7062,0.2972,0.10846
SD7062,0.25496,0.10722
SD7062,0.21521,0.10428
SD7062,0.17825,0.09965
SD7062,0.14432,0.0934
SD7062,0.11363,0.08562
SD7062,0.08637,0.07647
SD7062,0.06269,0.06616
SD7062,0.04272,0.05491
SD7062,0.0265,0.043
SD7062,0.0141,0.03081
SD7062,0.00562,0.01871
SD7062,0.00103,0.00711
SD7062,0.00027,-0.00327
SD7062,0.00425,-0.01115
SD7062,0.01414,-0.01701
SD7062,0.02991,-0.02205
SD7062,0.05099,-0.02623
SD7062,0.0771,-0.02948
SD7062,0.10798,-0.03179
SD7062,0.14328,-0.03319
SD7062,0.18265,-0.03367
SD7062,0.2257,-0.03327
SD7062,0.27199,-0.03206
SD7062,0.32105,-0.0301
SD7062,0.37238,-0.02747
SD7062,0.42547,-0.02426
SD7062,0.47979,-0.02064
SD7062,0.53477,-0.0168
SD7062,0.58975,-0.01295
SD7062,0.64403,-0.00927
SD7062,0.69692,-0.00593
SD7062,0.74768,-0.00307
SD7062,0.79557,-0.00079
SD7062,0.8399,0.00087
SD7062,0.87998,0.00189
SD7062,0.91518,0.0023
SD7062,0.94491,0.00216
SD7062,0.96864,0.00163
SD7062,0.98593,0.00092
SD7062,0.99646,0.00027
SD7062,1.00001,0.0
SD7080,1.0,0.0
SD7080,0.99671,0.00037
SD7080,0.98701,0.00162
SD7080,0.97133,0.00395
SD7080,0.95018,0.00743
SD7080,0.92413,0.01195
SD7080,0.89372,0.01728
SD7080,0.85943,0.02313
SD7080,0.82169,0.02919
SD7080,0.78084,0.03519
SD7080,0.7372,0.04097
SD7080,0.69117,0.04647
SD7080,0.64326,0.05163
SD7080,0.59402,0.05635
SD7080,0.54399,0.06052
SD7080,0.49371,0.06404
SD7080,0.4437,0.0668
SD7080,0.39448,0.06871
SD7080,0.34656,0.06969
SD7080,0.3004,0.06966
SD7080,0.25644,0.06858
SD7080,0.21509,0.06641
SD7080,0.1767,0.06312
SD7080,0.14157,0.05875
SD7080,0.10996,0.05334
SD7080,0.0821,0.04699
SD7080,0.05814,0.03983
SD7080,0.03821,0.03203
SD7080,0.02237,0.02383
SD7080,0.01068,0.01558
SD7080,0.00322,0.00763
SD7080,3e-05,0.00061
SD7080,0.00216,-0.00492
SD7080,0.01016,-0.00948
SD7080,0.02347,-0.01354
SD7080,0.04198,-0.01694
SD7080,0.06549,-0.01962
SD7080,0.09383,-0.02156
SD7080,0.12676,-0.02279
SD7080,0.16397,-0.02337
SD7080,0.20508,-0.02338
SD7080,0.24962,-0.02289
SD7080,0.2971,-0.02194
SD7080,0.347,-0.02059
SD7080,0.39877,-0.01891
SD7080,0.45183,-0.01696
SD7080,0.50559,-0.0148
SD7080,0.55945,-0.0125
SD7080,0.61281,-0.01015
SD7080,0.66505,-0.00783
SD7080,0.71557,-0.00564
SD7080,0.76376,-0.00366
SD7080,0.809,-0.00201
SD7080,0.85068,-0.00072
SD7080,0.8882,0.00017
SD7080,0.92104,0.00069
SD7080,0.94871,0.00087
SD7080,0.97079,0.00076
SD7080,0.98689,0.00047
SD7080,0.99671,0.00015
SD7080,1.00001,0.0
SD7084,1.0,0.0
SD7084,0.99658,0.0003
SD7084,0.9865,0.00139
SD7084,0.97026,0.00361
SD7084,0.94845,0.00706
SD7084,0.92172,0.01163
SD7084,0.89064,0.01708
SD7084,0.85575,0.02311
SD7084,0.81748,0.02938
SD7084,0.77619,0.03557
SD7084,0.73218,0.04152
SD7084,0.68584,0.04716
SD7084,0.6377,0.05245
SD7084,0.58829,0.05727
SD7084,0.53815,0.06151
SD7084,0.48783,0.06508
SD7084,0.43785,0.06786
SD7084,0.38874,0.06978
SD7084,0.34098,0.07074
SD7084,0.29505,0.07068
SD7084,0.25139,0.06955
SD7084,0.21042,0.06734
SD7084,0.17254,0.06399
SD7084,0.13804,0.05945
SD7084,0.1071,0.05374
SD7084,0.07986,0.04698
SD7084,0.05642,0.03934
SD7084,0.03687,0.03109
SD7084,0.02132,0.02256
SD7084,0.00985,0.01413
SD7084,0.00263,0.00631
SD7084,0.0,-0.00016
SD7084,0.00294,-0.00551
SD7084,0.01167,-0.01031
SD7084,0.02575,-0.0144
SD7084,0.04512,-0.01786
SD7084,0.06955,-0.02071
SD7084,0.09876,-0.02295
SD7084,0.13245,-0.02458
SD7084,0.1703,-0.0256
SD7084,0.2119,-0.02607
SD7084,0.2568,-0.02601
SD7084,0.30452,-0.02547
SD7084,0.35455,-0.02448
SD7084,0.40633,-0.02312
SD7084,0.45931,-0.02143
SD7084,0.51289,-0.01951
SD7084,0.56647,-0.01741
SD7084,0.61943,-0.0152
SD7084,0.67116,-0.01298
SD7084,0.72105,-0.01079
SD7084,0.76852,-0.00873
SD7084,0.81296,-0.00685
SD7084,0.85379,-0.00522
SD7084,0.89047,-0.00384
SD7084,0.9225,-0.00272
SD7084,0.94942,-0.00182
SD7084,0.97088,-0.00105
SD7084,0.98671,-0.00039
SD7084,0.99661,-6e-05
SD7084,1.0,0.0
SD7090,1.0,0.0
SD7090,0.99655,0.0005
SD7090,0.98664,0.00219
SD7090,0.97113,0.00512
SD7090,0.95062,0.00882
SD7090,0.92522,0.01284
SD7090,0.895,0.01718
SD7090,0.86036,0.02188
SD7090,0.82176,0.02691
SD7090,0.77972,0.03218
SD7090,0.73479,0.0376
SD7090,0.68754,0.04304
SD7090,0.6386,0.04834
SD7090,0.5885,0.05329
SD7090,0.53777,0.05773
SD7090,0.48692,0.06153
SD7090,0.43649,0.06457
SD7090,0.38699,0.06674
SD7090,0.3389,0.06795
SD7090,0.29269,0.06814
SD7090,0.24878,0.06724
SD7090,0.20759,0.06522
SD7090,0.16945,0.06206
SD7090,0.13467,0.0578
SD7090,0.10352,0.05249
SD7090,0.07624,0.04621
SD7090,0.05297,0.03907
SD7090,0.03384,0.03125
SD7090,0.01891,0.02298
SD7090,0.00827,0.01458
SD7090,0.00196,0.00637
SD7090,5e-05,-0.00097
SD7090,0.00345,-0.00734
SD7090,0.01238,-0.01318
SD7090,0.02624,-0.01834
SD7090,0.04514,-0.02262
SD7090,0.06903,-0.02605
SD7090,0.09771,-0.02873
SD7090,0.13087,-0.03067
SD7090,0.16817,-0.03188
SD7090,0.20926,-0.0324
SD7090,0.25371,-0.03229
SD7090,0.30106,-0.03161
SD7090,0.35077,-0.03046
SD7090,0.40227,-0.02889
SD7090,0.45499,-0.02696
SD7090,0.50832,-0.02472
SD7090,0.56166,-0.02221
SD7090,0.61442,-0.01948
SD7090,0.66605,-0.01658
SD7090,0.71605,-0.01363
SD7090,0.76381,-0.01083
SD7090,0.80869,-0.00829
SD7090,0.85007,-0.00609
SD7090,0.88735,-0.00426
SD7090,0.92001,-0.00279
SD7090,0.94757,-0.0016
SD7090,0.96974,-0.00066
SD7090,0.98622,-9e-05
SD7090,0.9965,4e-05
SD7090,1.00001,0.0
SD8000,1.0,0.0
SD8000,0.99674,0.0003
SD8000,0.98711,0.0013
SD8000,0.97148,0.00321
SD8000,0.95032,0.00607
SD8000,0.92413,0.00984
SD8000,0.89343,0.01434
SD8000,0.85871,0.01936
SD8000,0.82042,0.02466
SD8000,0.77899,0.03
SD8000,0.73481,0.03521
SD8000,0.68831,0.04017
SD8000,0.63998,0.04478
SD8000,0.59034,0.04894
SD8000,0.53991,0.05256
SD8000,0.48921,0.05553
SD8000,0.43875,0.0578
SD8000,0.38905,0.05929
SD8000,0.34062,0.05996
SD8000,0.29395,0.05978
SD8000,0.24951,0.05872
SD8000,0.20775,0.05675
SD8000,0.16906,0.05389
SD8000,0.1338,0.05012
SD8000,0.10229,0.04548
SD8000,0.07476,0.04
SD8000,0.05142,0.03377
SD8000,0.03238,0.02686
SD8000,0.01766,0.01948
SD8000,0.00729,0.01194
SD8000,0.00136,0.0046
SD8000,0.00022,-0.00175
SD8000,0.0044,-0.00749
SD8000,0.0137,-0.01315
SD8000,0.0278,-0.01814
SD8000,0.04677,-0.02225
SD8000,0.07058,-0.02544
SD8000,0.09914,-0.02776
SD8000,0.13219,-0.02929
SD8000,0.16941,-0.03008
SD8000,0.21041,-0.0302
SD8000,0.25477,-0.02969
SD8000,0.30202,-0.02864
SD8000,0.35163,-0.0271
SD8000,0.40307,-0.02514
SD8000,0.45576,-0.02284
SD8000,0.50913,-0.02024
SD8000,0.56263,-0.01744
SD8000,0.61566,-0.01459
SD8000,0.66757,-0.01179
SD8000,0.71773,-0.0091
SD8000,0.76556,-0.00662
SD8000,0.81047,-0.00445
SD8000,0.85185,-0.00268
SD8000,0.8891,-0.00132
SD8000,0.9217,-0.0004
SD8000,0.94916,0.00013
SD8000,0.97105,0.00032
SD8000,0.987,0.00026
SD8000,0.99673,9e-05
SD8000,1.00001,0.0
SD8020,1.0,0.0
SD8020,0.99646,0.00027
SD8020,0.98625,0.00131
SD8020,0.97017,0.0033
SD8020,0.94885,0.00591
SD8020,0.92247,0.00876
SD8020,0.89118,0.01188
SD8020,0.85538,0.01532
SD8020,0.8156,0.01908
SD8020,0.77237,0.02308
SD8020,0.72627,0.02722
SD8020,0.67789,0.03135
SD8020,0.62777,0.03535
SD8020,0.57647,0.03909
SD8020,0.52456,0.04246
SD8020,0.47261,0.04536
SD8020,0.42116,0.0477
SD8020,0.37077,0.04938
SD8020,0.32196,0.05034
SD8020,0.27523,0.05051
SD8020,0.23106,0.04982
SD8020,0.18987,0.04824
SD8020,0.15203,0.04574
SD8020,0.11789,0.04233
SD8020,0.08774,0.03802
SD8020,0.06179,0.03287
SD8020,0.04024,0.02697
SD8020,0.02318,0.02041
SD8020,0.01065,0.01345
SD8020,0.00276,0.00645
SD8020,0.0,0.0
SD8020,0.00276,-0.00645
SD8020,0.01066,-0.01345
SD8020,0.02319,-0.02041
SD8020,0.04024,-0.02697
SD8020,0.0618,-0.03287
SD8020,0.08774,-0.03802
SD8020,0.1179,-0.04233
SD8020,0.15204,-0.04574
SD8020,0.18987,-0.04824
SD8020,0.23107,-0.04982
SD8020,0.27524,-0.05051
SD8020,0.32197,-0.05034
SD8020,0.37077,-0.04938
SD8020,0.42117,-0.04769
SD8020,0.47262,-0.04536
SD8020,0.52457,-0.04246
SD8020,0.57648,-0.03908
SD8020,0.62778,-0.03534
SD8020,0.6779,-0.03135
SD8020,0.72629,-0.02722
SD8020,0.77238,-0.02308
SD8020,0.81561,-0.01907
SD8020,0.85539,-0.01532
SD8020,0.89119,-0.01188
SD8020,0.92248,-0.00876
SD8020,0.94886,-0.00591
SD8020,0.97018,-0.0033
SD8020,0.98626,-0.00131
SD8020,0.99647,-0.00027
SD8020,1.00001,0.0
SD8040,1.0,0.0
SD8040,0.99667,0.00037
SD8040,0.98684,0.00162
SD8040,0.97093,0.00397
SD8040,0.94946,0.00748
SD8040,0.92299,0.01208
SD8040,0.89205,0.01757
SD8040,0.85717,0.02369
SD8040,0.81881,0.03018
SD8040,0.77739,0.03675
SD8040,0.73331,0.04321
SD8040,0.68699,0.04942
SD8040,0.63893,0.05527
SD8040,0.58966,0.0606
SD8040,0.53969,0.0653
SD8040,0.48953,0.06925
SD8040,0.4397,0.07233
SD8040,0.3907,0.07444
SD8040,0.343,0.07552
SD8040,0.29706,0.0755
SD8040,0.25332,0.07434
SD8040,0.21218,0.07201
SD8040,0.17398,0.0685
SD8040,0.13903,0.06386
SD8040,0.10761,0.05814
SD8040,0.07994,0.05144
SD8040,0.0562,0.04389
SD8040,0.03653,0.03565
SD8040,0.02099,0.02694
SD8040,0.00967,0.01809
SD8040,0.00271,0.00938
SD8040,4e-05,0.00101
SD8040,0.00157,-0.00582
SD8040,0.00845,-0.01097
SD8040,0.0212,-0.01542
SD8040,0.03925,-0.01911
SD8040,0.06241,-0.02202
SD8040,0.09046,-0.02413
SD8040,0.12317,-0.02546
SD8040,0.16023,-0.02609
SD8040,0.20125,-0.0261
SD8040,0.24576,-0.02558
SD8040,0.29326,-0.02456
SD8040,0.34324,-0.02311
SD8040,0.39513,-0.0213
SD8040,0.44836,-0.01921
SD8040,0.50232,-0.0169
SD8040,0.5564,-0.01445
SD8040,0.60999,-0.01193
SD8040,0.66249,-0.00943
SD8040,0.71327,-0.00704
SD8040,0.76174,-0.00487
SD8040,0.80726,-0.00301
SD8040,0.84921,-0.00153
SD8040,0.887,-0.00044
SD8040,0.9201,0.00026
SD8040,0.94803,0.00062
SD8040,0.97036,0.00064
SD8040,0.98668,0.00044
SD8040,0.99665,0.00014
SD8040,1.0,0.0
SPICA,1.0,0.0
SPICA,0.95,0.01195
SPICA,0.9,0.0227
SPICA,0.85,0.03275
SPICA,0.8,0.0426
SPICA,0.75,0.05238
SPICA,0.7,0.0619
SPICA,0.65,0.07107
SPICA,0.6,0.0797
SPICA,0.55,0.08773
SPICA,0.5,0.0949
SPICA,0.45,0.10053
SPICA,0.4,0.10415
SPICA,0.35,0.10583
SPICA,0.3,0.1053
SPICA,0.25,0.10242
SPICA,0.2,0.0969
SPICA,0.15,0.08805
SPICA,0.1,0.074
SPICA,0.08,0.06634
SPICA,0.06,0.05704
SPICA,0.04,0.0456
SPICA,0.02,0.03042
SPICA,0.01,0.02053
SPICA,0.0,0.0
SPICA,0.01,-0.0128
SPICA,0.02,-0.0151
SPICA,0.04,-0.01632
SPICA,0.06,-0.0159
SPICA,0.08,-0.01564
SPICA,0.1,-0.0153
SPICA,0.15,-0.01445
SPICA,0.2,-0.0136
SPICA,0.25,-0.01275
SPICA,0.3,-0.0119
SPICA,0.35,-0.01105
SPICA,0.4,-0.0102
SPICA,0.45,-0.00935
SPICA,0.5,-0.0085
SPICA,0.55,-0.00765
SPICA,0.6,-0.0068
SPICA,0.65,-0.00595
SPICA,0.7,-0.0051
SPICA,0.75,-0.00425
SPICA,0.8,-0.0034
SPICA,0.85,-0.00255
SPICA,0.9,-0.0017
SPICA,0.95,-0.00085
SPICA,1.0,0.0
WB13535,1.0,0.0
WB13535,0.95,0.012
WB13535,0.9,0.0231
WB13535,0.85,0.03425
WB13535,0.8,0.045
WB13535,0.75,0.0551
WB13535,0.7,0.06465
WB13535,0.65,0.0736
WB13535,0.6,0.08175
WB13535,0.55,0.08875
WB13535,0.5,0.09425
WB13535,0.45,0.0979
WB13535,0.4,0.09975
WB13535,0.35,0.1
WB13535,0.3,0.099
WB13535,0.275,0.098
WB13535,0.25,0.0966
WB13535,0.225,0.0947
WB13535,0.2,0.092
WB13535,0.175,0.08825
WB13535,0.15,0.08325
WB13535,0.125,0.077
WB13535,0.1,0.06915
WB13535,0.075,0.059
WB13535,0.05,0.0465
WB13535,0.025,0.03
WB13535,0.0125,0.01875
WB13535,0.0,0.0
WB13535,0.0125,-0.012
WB13535,0.025,-0.018
WB13535,0.05,-0.0267
WB13535,0.075,-0.03275
WB13535,0.1,-0.03685
WB13535,0.125,-0.0393
WB13535,0.15,-0.0405
WB13535,0.175,-0.04085
WB13535,0.2,-0.0406
WB13535,0.225,-0.03995
WB13535,0.25,-0.0389
WB13535,0.275,-0.0375
WB13535,0.3,-0.03575
WB13535,0.35,-0.03185
WB13535,0.4,-0.02775
WB13535,0.45,-0.0235
WB13535,0.5,-0.01925
WB13535,0.55,-0.01532
WB13535,0.6,-0.012
WB13535,0.65,-0.0094
WB13535,0.7,-0.0075
WB13535,0.75,-0.006
WB13535,0.8,-0.005
WB13535,0.85,-0.004
WB13535,0.9,-0.00325
WB13535,0.95,-0.0025
WB13535,1.0,0.0
WB14035,1.0,0.0025
WB14035,0.95,0.01475
WB14035,0.9,0.02775
WB14035,0.85,0.04
WB14035,0.8,0.0515
WB14035,0.75,0.06275
WB14035,0.7,0.071
WB14035,0.65,0.083
WB14035,0.6,0.091
WB14035,0.55,0.09725
WB14035,0.5,0.10125
WB14035,0.45,0.10365
WB14035,0.4,0.1045
WB14035,0.35,0.1045
WB14035,0.3,0.10225
WB14035,0.275,0.1005
WB14035,0.25,0.09775
WB14035,0.225,0.0955
WB14035,0.2,0.09225
WB14035,0.175,0.0883
WB14035,0.15,0.08325
WB14035,0.125,0.077
WB14035,0.1,0.0695
WB14035,0.075,0.059
WB14035,0.05,0.0463
WB14035,0.025,0.03
WB14035,0.0125,0.01875
WB14035,0.0,0.0
WB14035,0.0125,-0.0135
WB14035,0.025,-0.018
WB14035,0.05,-0.0265
WB14035,0.075,-0.03275
WB14035,0.1,-0.03675
WB14035,0.125,-0.0395
WB14035,0.15,-0.0405
WB14035,0.175,-0.04075
WB14035,0.2,-0.0405
WB14035,0.225,-0.04025
WB14035,0.25,-0.0395
WB14035,0.275,-0.038
WB14035,0.3,-0.037
WB14035,0.35,-0.03475
WB14035,0.4,-0.03225
WB14035,0.45,-0.02975
WB14035,0.5,-0.0275
WB14035,0.55,-0.02475
WB14035,0.6,-0.02275
WB14035,0.65,-0.0205
WB14035,0.7,-0.018
WB14035,0.75,-0.01575
WB14035,0.8,-0.013
WB14035,0.85,-0.01025
WB14035,0.9,-0.008
WB14035,0.95,-0.005
WB14035,1.0,-0.0025
