model,n,abs_dCL_design,abs_dCL_measured,abs_errCD_design,abs_errCD_measured,bias_CD_design,bias_CD_measured,geom_effect_CL,geom_effect_CD,build_rms_pct,build_max_pct
AQUILA,65,0.0645292185033065,0.06025009771189364,0.11833470881663041,0.1375117750504871,-0.05384982040876376,-0.01614510860520912,0.035451265461410565,0.08522940057286486,0.22277800214741006,0.40856726971239266
CLARK-Y,62,0.08829542996667815,0.07180606760437426,0.08995029278893675,0.0830615421697049,0.01679917720402293,0.008127856797977565,0.020197586207272678,0.03215172524635521,0.21396000554073957,0.40333580721845924
DAE51,70,0.08684631042194282,0.07971071336488937,0.16539057839009175,0.16379117146493305,-0.05676324234459747,-0.04096931725138362,0.016661804106816648,0.03375531526791409,0.17700306251087716,0.35482402645398425
DF101,94,0.09842012800525707,0.09146419044754198,0.12020692883888034,0.09785881962191557,0.06214310215485783,0.049740523152020315,0.02377541806097678,0.039180358385839685,0.2554410158089121,0.4744402335344631
DF102,83,0.12285156641266232,0.11194649549649685,0.0756861760082369,0.06563379677818675,0.004374156639464136,0.014702843324686545,0.020756810851264025,0.05020012796552415,0.2395119991641432,0.4745332572011582
E193,61,0.10142268459434904,0.05449245134590693,0.1402639979998348,0.09201305025833485,0.10101506512565621,0.05244638004384656,0.06455921686025778,0.055848133239079015,0.6407478502979309,1.0665682333680795
E193 MODIFIED,57,0.09457223677090577,0.07747465758235084,0.10730664056652323,0.07710435232070476,0.014649543372482718,0.004912034881914492,0.021376594475907135,0.08291160264275863,0.24998971300712955,0.4698230772966432
E205A,72,0.1010161446937788,0.10340852240435794,0.1061465622955594,0.07731614559678583,0.04324390171599023,0.02062214196999155,0.024150532253735486,0.04815577305554031,0.1793217470608232,0.3472698467511222
E205B,85,0.05868349315144183,0.06549864641381051,0.22756266029033456,0.17868793761428947,0.01126964695476763,0.002442269106779679,0.020331923763729137,0.07257116106336221,0.12887094252541403,0.2636085968663042
E214A,68,0.0948323613776973,0.050757755758620855,0.07814593853043482,0.08645160803682413,0.001660773779493152,0.02371877781090087,0.04732834807620056,0.04413254768523029,0.2928720225249489,0.5377945629762605
E214C F0,85,0.09204766811314002,0.08666352579972587,0.08668319402895573,0.10591337243760125,0.04845436362182211,0.0670367344745222,0.02707650863000648,0.05368224326692839,0.1051434453724619,0.20874733978389956
E374A,86,0.07560460450781184,0.0585998829060429,0.12218726574790244,0.1036425493628962,0.04016681247332588,0.0248622723956197,0.04056800784024715,0.04593014437044413,0.17007456038339808,0.4119937596802308
E374B,92,0.08205198572330945,0.06510332941857998,0.14496996306401394,0.10635999940068179,-0.007925059352793784,0.0016632255295852705,0.030357398652468944,0.08883118152012714,0.12995313366978792,0.2735798504104322
E387A,73,0.11515203324665234,0.08620795437746266,0.09372758978314234,0.08550699446375025,0.0733454544854764,0.04490128876493124,0.032751603309433795,0.058241098780731124,0.27180122719843036,0.43696444500844756
E387A REPEAT,59,0.13315419235319956,0.09811370932508355,0.05996678932433168,0.08562765628134131,0.03107934944020743,0.017604726665336603,0.03506047930231879,0.04666806191662442,0.27180122719843036,0.43696444500844756
E387B,30,0.08657248277285563,0.05300285941171601,0.13411929587963434,0.07983765828167916,0.02623228977531287,-0.026299417614431567,0.11557848949045217,0.11397071475619017,0.6787920084932494,0.8958603262054874
J5012,83,0.12822251333365142,0.0969479523907303,0.10051521942895421,0.07962448214323013,0.02869617338626737,0.023790577490538003,0.03761490778560237,0.0566576724445714,0.14070548394442517,0.281614834054137
MB253515,132,0.07786101311388643,0.07230064974744448,0.12344545133995886,0.11808515557553961,-0.06765444680321413,-0.06183197597070245,0.01544341381959467,0.02089268655429347,0.09647058421442199,0.26453803018561606
MILEY,69,0.03742768361276245,0.0634399341638887,0.15407984414384418,0.17427222640277265,-0.04460536994573473,-0.11930574490189624,0.0720932678236385,0.07874593547851258,0.2712677909217772,0.47857669677544395
NACA 0009,80,0.09410041055578092,0.07659521256054247,0.14196979875099927,0.13073668746166417,0.050823657135968835,0.028966123021238986,0.03466739081732528,0.11011400440369468,0.19623088975244452,0.36463352353768713
NACA 2.5411,55,0.1279920369178354,0.09515344452317018,0.1170513226725736,0.09638507753948321,0.02164084951297818,0.03872750920770596,0.0377249493699358,0.053243975277515454,0.254589891224376,0.31513517525712137
NACA 6409,74,0.12655833804718997,0.12543758205113825,0.2667908519130696,0.24531981037298423,0.22087686981185814,0.211813327062482,0.04142790416979698,0.07158506979479393,0.13633502374939482,0.3378780587769288
RG15,70,0.0717225331087872,0.08939542062729681,0.1579119684382125,0.10033645071903782,0.13178768023321247,0.0811535251511277,0.05683134689152199,0.05726980774048324,0.23652893775762576,0.4304041337035859
S2048,62,0.07926380996535258,0.08016844974116821,0.11451342574794349,0.10927411309196515,0.014669863624748609,0.029728133431823987,0.012534606147255878,0.023524110808503893,0.22652888799952323,0.34970301574914275
S2055 REPEAT,55,0.06817162934346782,0.0660367117565629,0.11827214325758961,0.10884938314742065,0.0499850420093523,0.05304549888027428,0.027127907782560932,0.03287596454387742,0.22510650376184171,0.4515936951167733
S2091B,73,0.05140341680796757,0.06855572355697591,0.10962297433073942,0.12767220252400086,-0.04496294373078212,-0.058139931118609024,0.0274016172425428,0.04964962783826591,0.3805136313281407,0.6504868726970733
S3010,68,0.0797546636428003,0.07151148808991818,0.12142928782704786,0.11842923973683904,-0.04830842088900478,-0.04704293146106187,0.032267101598592786,0.021345206875121772,0.2952783185990306,0.5656077543519485
S3014,69,0.06879315870843508,0.06602470968174853,0.1470449164032383,0.13002109451737223,-0.022079794578197556,-0.03920730315576182,0.02311734955663457,0.02427685489367712,0.09451964212431652,0.1913585397107589
S3016,79,0.08883423124859423,0.06823103929471148,0.11285017434176399,0.08674626523638759,0.009257779905357722,0.0030351373280680678,0.027512894728295982,0.040965818214287734,0.19446485133834912,0.32700085559856423
S3021A,72,0.10429040971598386,0.12098021063731099,0.10512065329989038,0.10011491611748294,0.09118963886337901,0.07336429099834368,0.02170744322105013,0.03571959953116143,0.12017066225657681,0.2999142038378639
S3021B,43,0.13558319610989422,0.08201580502965576,0.08331090217145178,0.10079199294010743,0.012534770297541317,0.05222713251632681,0.058182057407627205,0.05117519923765298,0.3603372672913318,0.5194534032310305
S4061A,46,0.11340398427311425,0.05998359830113369,0.19027911387340257,0.07385960018693798,0.09543975708903914,0.05438718176090767,0.06422849345277681,0.14964465909706473,0.3695566808301273,0.5854662817697688
S4061B,67,0.057379968441910456,0.10765440766177288,0.08978932603533366,0.07849770982389528,-0.014225097886448731,-0.0102448528234062,0.057679566517988,0.035859627383532815,0.3163732474192159,0.5638170365214468
S4062,75,0.09264043555204951,0.06974291179418723,0.09621411404815909,0.09288261874509852,0.03491142424798705,0.023797669988101827,0.033464655218004194,0.05357499402994686,0.3114153967258185,0.49204983550704473
S4233,89,0.07313897796717259,0.06752402596396802,0.09261090069691802,0.0637678129563098,-0.010791475083768947,-0.019225751591478317,0.017083465812168686,0.05792049480380248,0.07225540500456928,0.2241929840086988
SD2030,49,0.06457690545563692,0.06861829467509366,0.15669589861857922,0.10298210264491098,-0.023872898666777276,-0.021605459053297946,0.017806950763795643,0.06494394786566655,0.10828358163008009,0.32067348838601495
SD2083,54,0.10486227055545268,0.10347595619200531,0.19818734802447877,0.18006239661708795,0.02285238015980339,0.08234020822822874,0.03216976569720466,0.07903577104955549,0.23025867135256442,0.39029682486682743
SD5060,79,0.07528283222594509,0.07240216119985109,0.08587705631444242,0.07744480994676459,0.003616103318453685,0.020428518308884924,0.01512943794986193,0.034418816098168964,0.1492203030359798,0.3142595279011489
SD6060,79,0.07938190375727473,0.05805594970161591,0.155449477563907,0.10407786724111993,0.08152571075110446,0.06644258854626517,0.03179529192412416,0.06806344806891891,0.16901722056725174,0.280224988701672
SD6080,71,0.04896803886545292,0.060421378227812225,0.1290487028161736,0.09096525472504237,0.05985377750507078,0.023611085064916947,0.038816852731222214,0.04529498629204641,0.2562405645253966,0.409788925496829
SD7003,55,0.07282809558160087,0.0689097636840688,0.13237958299203825,0.11549740102877379,-0.05387304803178796,-0.04779955217277577,0.013006031798265094,0.03302883968098598,0.11234142972585319,0.23260152058051306
SD7003 REPEAT,60,0.06915096261477167,0.06536446754695402,0.07639740778143549,0.06134518624060818,-0.03081308956082586,-0.021261139740163672,0.013821815823676283,0.03226149030314928,0.11234142972585319,0.23260152058051306
SD7032C F0,77,0.08105434788829055,0.08730753300011482,0.12294125515484626,0.13751127149518153,0.0037294876197010857,0.02953988840671308,0.01824697012483019,0.05092021238857342,0.34730002082336087,0.5951739353010281
SD7032D,90,0.08095570370078375,0.07696770277517807,0.2175661133165121,0.1519226210499274,0.06145404932035227,0.0008977772661328474,0.01069002691087655,0.05144012374980018,0.23394435555276305,0.3667264576573931
SD7037,70,0.105561875067172,0.08522291605076024,0.15745178905506835,0.14334133588401843,0.040359093547853366,0.06514345045818391,0.024391817334856482,0.05130086537810779,0.15909424668794522,0.3751238876456747
SD7043,79,0.08048861439576342,0.09736492329942974,0.1326360987374216,0.10818432627328689,-0.010295596783951214,0.009473640559488824,0.09253911498987652,0.03795063646242084,0.3206985845804148,0.5615607292844008
SD7062,81,0.08294224459310108,0.09448855130529818,0.111236592364868,0.12203451544425414,-0.07616449055438404,-0.05741425823312801,0.017281689004425595,0.030498901503230973,0.1631183850013779,0.3174966181453912
SD7080,90,0.12719190622628102,0.09678301183256828,0.10829004596297803,0.08829261911707645,-0.003246649024125809,0.013444131689567759,0.035007245420107476,0.04370718088159656,0.27068464810908305,0.5125046768919396
SD7084,55,0.07655022045264429,0.07950673531623903,0.056529061937678454,0.054255828021531706,-0.017428825461498668,-0.012092731350076592,0.013846702724789753,0.02552674242909789,0.09254177287554345,0.1854414167848496
SD7090,92,0.09710840493421044,0.08804626911702343,0.15275681630232865,0.1594906936989425,-0.04301843801722404,-0.03271914098368717,0.02350209817545381,0.036236226712495004,0.20335118331055244,0.3296670890679726
SD8000,72,0.08529254838829911,0.07250133818123802,0.13094969636987586,0.12515152949672506,0.016179129774138924,0.014736852892190483,0.0514048816042802,0.01902034080790444,0.16210085432334123,0.2758936356271016
SD8020,85,0.10247295818305548,0.08685137733750678,0.13756369138720284,0.12469748182139957,0.057969497671701196,0.03491036041365083,0.025840670664937334,0.03454853398194595,0.07762940958212454,0.13802966858981677
SD8040,55,0.15083031114635448,0.0843826398610985,0.16048815913952866,0.12205157076126434,-0.051092321193451085,-0.047756502752083846,0.07560645330551712,0.06592884050135872,0.5054897447125714,0.7265297556044902
SPICA,55,0.21466264201846913,0.1585568235255244,0.15238504025879976,0.1497564574881536,-0.020574530454442293,-0.026296036044913176,0.06999471464380934,0.05211279460759808,0.4435955522849047,0.6840942406895562
WB135/35,86,0.08261120714698635,0.08328686906254497,0.17856897535121166,0.11586131387238152,-0.013873875940956733,-0.05938482502570455,0.04687148970404836,0.08077100751583217,0.2908061824806275,0.5680260965452877
WB140/35/FB,73,0.08474690279393753,0.08859677672766508,0.09271394266633459,0.06804964968517091,-0.008957214791829477,-0.02184061216900788,0.03867334267004906,0.05223028767702454,0.166304661341547,0.4609806592233624
